Name,Easting,Northing,Elevation,Date_Obs,Time_Obs,,
DHT89_B1_P_1,394865.7673,7616423.593,719.645581,6/25/2019,2:06:53 PM,,"Coordinate System: UTM, Zone 6N"
DHT89_B1_P_2,394865.0386,7616418.671,719.649124,6/25/2019,2:07:14 PM,,Datum: NAD 1983 (2011)
DHT89_B1_P_3,394845.8496,7616426.325,719.747133,6/25/2019,2:07:16 PM,,"Altitude: Mean Sea Level (MSL), meters"
DHT89_B1_P_4,394845.0448,7616421.672,719.755116,6/25/2019,2:07:29 PM,,Geiod: Geiod12B (Alaska)
DHT89_B1_CT1_1,394868.1007,7616437.276,719.587016,6/25/2019,2:05:20 PM,,
DHT89_B1_CT1_2,394867.4383,7616432.312,719.504261,6/25/2019,2:05:45 PM,,
DHT89_B1_CT1_3,394848.02,7616440.445,719.465204,6/25/2019,2:05:59 PM,,
DHT89_B1_CT1_4,394847.237,7616435.549,719.589654,6/25/2019,2:06:14 PM,,
DHT89_B1_CT2_1,394866.8623,7616430.466,719.59809,6/25/2019,2:06:09 PM,,
DHT89_B1_CT2_2,394866.0666,7616425.568,719.640576,6/25/2019,2:06:29 PM,,
DHT89_B1_CT2_3,394846.9047,7616433.521,719.624875,6/25/2019,2:06:29 PM,,
DHT89_B1_CT2_4,394846.1466,7616428.693,719.719546,6/25/2019,2:06:49 PM,,
DHT89_B1_EXC-CT-LF_1,394873.0372,7616471.907,719.546997,6/25/2019,1:58:06 PM,,
DHT89_B1_EXC-CT-LF_2,394872.4121,7616467.045,719.645587,6/25/2019,1:58:29 PM,,
DHT89_B1_EXC-CT-MF_5,394868.0807,7616472.651,719.645587,6/25/2020,,,
DHT89_B1_EXC-CT-MF_6,394867.2658,7616467.455,719.091714,6/25/2021,,,
DHT89_B1_EXC-CT-NF_3,394853.3057,7616475.084,719.091714,6/25/2019,1:58:09 PM,,
DHT89_B1_EXC-CT-NF_4,394852.5928,7616470.14,719.104057,6/25/2019,1:58:26 PM,,
DHT89_B1_EXC-CT-SF_3,394863.0122,7616473.37,719.562581,6/25/2019,1:59:32 PM,,
DHT89_B1_EXC-CT-SF_4,394862.2858,7616468.288,719.610701,6/25/2019,1:58:56 PM,,
DHT89_B1_EXC-NP-LF_1,394869.0415,7616444.233,719.523168,6/25/2019,2:04:20 PM,,
DHT89_B1_EXC-NP-LF_2,394868.3958,7616439.364,719.509402,6/25/2019,2:04:41 PM,,
DHT89_B1_EXC-NP-MF_5,394864.1418,7616445.053,719.509402,6/25/2020,,,
DHT89_B1_EXC-NP-MF_6,394863.4671,7616440.005,719.382343,6/25/2021,,,
DHT89_B1_EXC-NP-NF_3,394849.1025,7616447.36,719.382343,6/25/2019,2:02:33 PM,,
DHT89_B1_EXC-NP-NF_4,394848.3366,7616442.479,719.432773,6/25/2019,2:02:50 PM,,
DHT89_B1_EXC-NP-SF_3,394859.1684,7616445.866,719.749981,6/25/2019,2:04:21 PM,,
DHT89_B1_EXC-NP-SF_4,394858.4449,7616440.695,719.844373,6/25/2019,2:05:10 PM,,
DHT89_B1_EXTRA3_1,394863.6905,7616409.784,719.733045,6/25/2019,2:08:35 PM,,
DHT89_B1_EXTRA3_2,394862.815,7616404.837,719.749969,6/25/2019,2:08:52 PM,,
DHT89_B1_EXTRA3_3,394843.7013,7616412.805,719.692318,6/25/2019,2:08:22 PM,,
DHT89_B1_EXTRA3_4,394842.7037,7616407.934,719.790773,6/25/2019,2:08:47 PM,,
DHT89_B1_GH_1,394872.0366,7616465.064,719.638216,6/25/2019,1:59:16 PM,,
DHT89_B1_GH_2,394871.3225,7616460.11,719.609849,6/25/2019,1:59:34 PM,,
DHT89_B1_GH_3,394852.2346,7616468.081,719.151707,6/25/2019,2:00:06 PM,,
DHT89_B1_GH_4,394851.5383,7616463.217,719.087408,6/25/2019,2:00:18 PM,,
DHT89_B1_N_1,394871.0453,7616458.137,719.652723,6/25/2019,1:59:57 PM,,
DHT89_B1_N_2,394870.301,7616453.208,719.404287,6/25/2019,2:00:24 PM,,
DHT89_B1_N_3,394851.2609,7616461.175,719.203527,6/25/2019,2:00:37 PM,,
DHT89_B1_N_4,394850.5378,7616456.307,719.241144,6/25/2019,2:00:52 PM,,
DHT89_B1_NP_1,394864.7104,7616416.651,719.701874,6/25/2019,2:07:49 PM,,
DHT89_B1_NP_2,394863.9789,7616411.716,719.706252,6/25/2019,2:08:09 PM,,
DHT89_B1_NP_3,394844.8491,7616419.411,719.767704,6/25/2019,2:07:48 PM,,
DHT89_B1_NP_4,394844.3498,7616415.318,719.722253,6/25/2019,2:08:00 PM,,
DHT89_B1_SH_OUT_1,394869.9872,7616451.179,719.445443,6/25/2019,2:00:51 PM,,
DHT89_B1_SH_OUT_2,394869.3182,7616446.302,719.504868,6/25/2019,2:01:08 PM,,
DHT89_B1_SH_OUT_3,394850.203,7616454.254,719.266766,6/25/2019,2:01:31 PM,,
DHT89_B1_SH_OUT_4,394849.4209,7616449.398,719.342274,6/25/2019,2:01:48 PM,,
DHT89_B1_SH-CT_1,394868.7253,7616450.423,719.487605,6/25/2019,2:01:33 PM,,
DHT89_B1_SH-CT_2,394868.3196,7616447.879,719.569883,6/25/2019,2:02:17 PM,,
DHT89_B1_SH-CT_3,394863.5192,7616448.553,719.706994,6/25/2019,2:02:46 PM,,
DHT89_B1_SH-CT_4,394863.9062,7616451.136,719.678356,6/25/2019,2:03:13 PM,,
DHT89_B2_CT1_1,394863.0305,7616514.65,719.278521,6/25/2019,1:49:31 PM,,
DHT89_B2_CT1_2,394861.7049,7616509.999,719.232979,6/25/2019,1:49:49 PM,,
DHT89_B2_CT1_3,394843.7407,7616520.016,718.904005,6/25/2019,1:49:24 PM,,
DHT89_B2_CT1_4,394842.4814,7616514.931,718.796999,6/25/2019,1:49:43 PM,,
DHT89_B2_CT2_1,394859.4665,7616501.264,719.179956,6/25/2019,1:51:32 PM,,
DHT89_B2_CT2_2,394858.3653,7616496.473,719.184024,6/25/2019,1:52:21 PM,,
DHT89_B2_CT2_3,394840.238,7616506.183,718.584597,6/25/2019,1:53:23 PM,,
DHT89_B2_CT2_4,394839.0064,7616501.35,718.458681,6/25/2019,1:53:59 PM,,
DHT89_B2_EXC-CT-LF_1,394856.3751,7616509.182,719.120564,6/25/2019,1:53:47 PM,,
DHT89_B2_EXC-CT-LF_2,394855.2166,7616504.331,719.005051,6/25/2019,1:54:26 PM,,
DHT89_B2_EXC-CT-MF_5,394851.5886,7616510.504,719.005051,6/25/2020,,,
DHT89_B2_EXC-CT-MF_6,394850.2551,7616505.467,719.216099,6/25/2021,,,
DHT89_B2_EXC-CT-NF_1,394861.2023,7616507.986,719.216099,6/25/2019,1:50:33 PM,,
DHT89_B2_EXC-CT-NF_2,394860.0059,7616503.219,719.217269,6/25/2019,1:50:54 PM,,
DHT89_B2_EXC-CT-NF_3,394841.9367,7616513,718.701101,6/25/2019,1:50:44 PM,,
DHT89_B2_EXC-CT-NF_4,394840.7512,7616508.178,718.624149,6/25/2019,1:50:58 PM,,
DHT89_B2_EXC-CT-SF_3,394846.6265,7616511.77,718.898558,6/25/2019,1:53:21 PM,,
DHT89_B2_EXC-CT-SF_4,394845.402,7616506.744,718.854013,6/25/2019,1:52:49 PM,,
DHT89_B2_EXC-NP-LF_3,394861.9772,7616551.189,719.280277,6/25/2019,1:40:58 PM,,
DHT89_B2_EXC-NP-LF_4,394860.7931,7616546.605,719.265931,6/25/2019,1:41:32 PM,,
DHT89_B2_EXC-NP-MF_5,394865.3798,7616545.239,719.265931,6/25/2020,,,
DHT89_B2_EXC-NP-MF_6,394866.7027,7616550.22,718.951405,6/25/2021,,,
DHT89_B2_EXC-NP-NF_3,394852.1295,7616553.856,718.951405,6/25/2019,1:40:08 PM,,
DHT89_B2_EXC-NP-NF_4,394850.9019,7616548.904,718.929761,6/25/2019,1:40:25 PM,,
DHT89_B2_EXC-NP-SF_1,394871.4953,7616548.763,719.149461,6/25/2019,1:39:47 PM,,
DHT89_B2_EXC-NP-SF_2,394870.3722,7616543.909,719.141848,6/25/2019,1:40:14 PM,,
DHT89_B2_EXTRA3_1,394856.3666,7616487.697,719.196168,6/25/2019,1:56:35 PM,,
DHT89_B2_EXTRA3_2,394854.8361,7616482.918,719.149583,6/25/2019,1:56:50 PM,,
DHT89_B2_EXTRA3_3,394836.5515,7616492.436,718.266753,6/25/2019,1:56:32 PM,,
DHT89_B2_EXTRA3_4,394835.5073,7616487.774,718.076717,6/25/2019,1:56:49 PM,,
DHT89_B2_GH_1,394866.3679,7616528.336,719.258486,6/25/2019,1:47:55 PM,,
DHT89_B2_GH_2,394865.1494,7616523.6,719.302438,6/25/2019,1:48:15 PM,,
DHT89_B2_GH_3,394847.0591,7616533.326,719.009252,6/25/2019,1:47:46 PM,,
DHT89_B2_GH_4,394845.7376,7616528.462,719.039777,6/25/2019,1:47:59 PM,,
DHT89_B2_N_1,394864.7219,7616521.603,719.354519,6/25/2019,1:48:45 PM,,
DHT89_B2_N_2,394863.4701,7616516.747,719.313563,6/25/2019,1:49:05 PM,,
DHT89_B2_N_3,394845.2339,7616526.516,719.038849,6/25/2019,1:48:33 PM,,
DHT89_B2_N_4,394844.2709,7616521.924,718.964722,6/25/2019,1:48:55 PM,,
DHT89_B2_NP_1,394857.9756,7616494.327,719.206258,6/25/2019,1:55:45 PM,,
DHT89_B2_NP_2,394856.6512,7616489.672,719.207449,6/25/2019,1:56:05 PM,,
DHT89_B2_NP_3,394838.7965,7616499.419,718.495182,6/25/2019,1:54:50 PM,,
DHT89_B2_NP_4,394837.3364,7616494.455,718.406155,6/25/2019,1:55:16 PM,,
DHT89_B2_P_1,394868.0832,7616535.182,719.217983,6/25/2019,1:46:22 PM,,
DHT89_B2_P_2,394866.893,7616530.379,719.287086,6/25/2019,1:46:48 PM,,
DHT89_B2_P_3,394848.7452,7616540.09,718.994222,6/25/2019,1:44:34 PM,,
DHT89_B2_P_4,394847.5727,7616535.319,719.022286,6/25/2019,1:46:09 PM,,
DHT89_B2_SH_OUT_1,394869.8216,7616541.785,719.07331,6/25/2019,1:41:49 PM,,
DHT89_B2_SH_OUT_2,394868.4474,7616537.171,719.226051,6/25/2019,1:42:12 PM,,
DHT89_B2_SH_OUT_3,394850.4235,7616546.945,718.987234,6/25/2019,1:42:32 PM,,
DHT89_B2_SH_OUT_4,394849.2645,7616542.115,719.016888,6/25/2019,1:42:47 PM,,
DHT89_B2_SH-CT_1,394867.41,7616541.438,719.018029,6/25/2019,1:42:59 PM,,
DHT89_B2_SH-CT_2,394866.7814,7616539.101,719.076583,6/25/2019,1:43:27 PM,,
DHT89_B2_SH-CT_3,394861.9959,7616540.423,719.226246,6/25/2019,1:43:58 PM,,
DHT89_B2_SH-CT_4,394862.6338,7616542.749,719.204513,6/25/2019,1:44:12 PM,,
DHT89_B3_CT1_1,394887.2959,7616598.112,719.063247,6/25/2019,1:25:48 PM,,
DHT89_B3_CT1_2,394886.4302,7616593.252,719.106654,6/25/2019,1:26:04 PM,,
DHT89_B3_CT1_3,394867.5593,7616601.726,718.897626,6/25/2019,1:25:40 PM,,
DHT89_B3_CT1_4,394866.6557,7616596.878,718.949186,6/25/2019,1:25:53 PM,,
DHT89_B3_CT2_1,394882.0461,7616569.992,719.216341,6/25/2019,1:33:45 PM,,
DHT89_B3_CT2_2,394881.317,7616565.685,719.177105,6/25/2019,1:34:07 PM,,
DHT89_B3_CT2_3,394862.5668,7616574.172,719.104134,6/25/2019,1:33:46 PM,,
DHT89_B3_CT2_4,394861.6929,7616569.309,719.030077,6/25/2019,1:34:01 PM,,
DHT89_B3_EXC-CT-LF_3,394863.6942,7616581.155,718.960812,6/25/2019,1:30:20 PM,,
DHT89_B3_EXC-CT-LF_4,394862.8785,7616576.289,719.080008,6/25/2019,1:30:34 PM,,
DHT89_B3_EXC-CT-MF_5,394867.8441,7616575.45,0,6/25/2020,,,
DHT89_B3_EXC-CT-MF_6,394868.8098,7616580.557,0,6/25/2021,,,
DHT89_B3_EXC-CT-NF_1,394883.499,7616577.465,719.251698,6/25/2019,1:29:31 PM,,
DHT89_B3_EXC-CT-NF_2,394882.5069,7616572.574,719.216722,6/25/2019,1:29:51 PM,,
DHT89_B3_EXC-CT-SF_1,394872.7667,7616574.335,718.861232,6/25/2019,1:31:08 PM,,
DHT89_B3_EXC-CT-SF_2,394873.8246,7616579.246,718.969908,6/25/2019,1:31:52 PM,,
DHT89_B3_EXC-NP-LF_1,394889.7258,7616611.938,718.836196,6/25/2019,1:22:26 PM,,
DHT89_B3_EXC-NP-LF_2,394888.89,7616607.029,718.964194,6/25/2019,1:23:35 PM,,
DHT89_B3_EXC-NP-MF_5,394884.8777,7616612.868,718.964194,6/25/2020,,,
DHT89_B3_EXC-NP-MF_6,394883.8775,7616607.724,718.736379,6/25/2021,,,
DHT89_B3_EXC-NP-NF_3,394870.0161,7616615.496,718.736379,6/25/2019,1:21:43 PM,,
DHT89_B3_EXC-NP-NF_4,394869.1334,7616610.658,718.85964,6/25/2019,1:21:59 PM,,
DHT89_B3_EXC-NP-SF_3,394879.986,7616613.651,718.831652,6/25/2019,1:23:51 PM,,
DHT89_B3_EXC-NP-SF_4,394878.987,7616608.772,718.917881,6/25/2019,1:24:32 PM,,
DHT89_B3_EXTRA1_1,394886.0722,7616591.248,719.104953,6/25/2019,1:26:59 PM,,
DHT89_B3_EXTRA1_2,394885.1881,7616586.292,719.22177,6/25/2019,1:27:18 PM,,
DHT89_B3_EXTRA1_3,394866.2571,7616594.839,718.882611,6/25/2019,1:26:59 PM,,
DHT89_B3_EXTRA1_4,394865.1913,7616589.871,718.949717,6/25/2019,1:27:13 PM,,
DHT89_B3_EXTRA2_1,394879.6759,7616556.822,719.19798,6/25/2019,1:38:47 PM,,
DHT89_B3_EXTRA2_2,394878.7155,7616551.941,719.170822,6/25/2019,1:39:04 PM,,
DHT89_B3_EXTRA2_3,394860.0824,7616560.436,718.941085,6/25/2019,1:38:20 PM,,
DHT89_B3_EXTRA2_4,394859.1571,7616555.574,719.136688,6/25/2019,1:38:37 PM,,
DHT89_B3_EXTRA3_1,394884.8133,7616584.333,719.252724,6/25/2019,1:28:03 PM,,
DHT89_B3_EXTRA3_2,394883.8804,7616579.402,719.26567,6/25/2019,1:28:19 PM,,
DHT89_B3_EXTRA3_3,394865.0049,7616587.963,718.986988,6/25/2019,1:27:59 PM,,
DHT89_B3_EXTRA3_4,394864.0716,7616583.098,718.983761,6/25/2019,1:28:15 PM,,
DHT89_B3_N_1,394888.5479,7616604.953,719.043652,6/25/2019,1:24:54 PM,,
DHT89_B3_N_2,394887.6355,7616600.069,719.073504,6/25/2019,1:25:15 PM,,
DHT89_B3_N_3,394868.8253,7616608.606,718.896581,6/25/2019,1:24:58 PM,,
DHT89_B3_N_4,394867.934,7616603.775,718.917736,6/25/2019,1:25:11 PM,,
DHT89_B3_NP_1,394880.9671,7616563.731,719.24408,6/25/2019,1:37:49 PM,,
DHT89_B3_NP_2,394880.0388,7616558.778,719.284704,6/25/2019,1:38:11 PM,,
DHT89_B3_NP_3,394861.3489,7616567.255,719.034153,6/25/2019,1:37:13 PM,,
DHT89_B3_NP_4,394860.5205,7616562.439,718.8866,6/25/2019,1:37:28 PM,,
DHT89_B3_P_1,394890.9201,7616618.756,718.900338,6/25/2019,1:19:36 PM,,
DHT89_B3_P_2,394890.1153,7616613.897,718.873118,6/25/2019,1:20:18 PM,,
DHT89_B3_P_3,394871.3036,7616622.386,718.821314,6/25/2019,1:18:51 PM,,
DHT89_B3_P_4,394870.4477,7616617.456,718.764568,6/25/2019,1:20:45 PM,,
MAT06_B1_CT_01,393910.2625,7614516.547,751.22995,6/21/2019,11:30:41 AM,,
MAT06_B1_CT_02,393908.9434,7614511.747,751.239847,6/21/2019,11:31:09 AM,,
MAT06_B1_CT_03,393890.8778,7614521.666,752.192742,6/21/2019,11:31:48 AM,,
MAT06_B1_CT_04,393889.6168,7614516.968,752.403055,6/21/2019,11:32:20 AM,,
MAT06_B1_EXTRA_01,393913.7692,7614530.01,751.103457,6/21/2019,11:27:35 AM,,
MAT06_B1_EXTRA_02,393912.5913,7614525.232,751.092841,6/21/2019,11:28:04 AM,,
MAT06_B1_EXTRA_03,393894.5402,7614535.285,752.147021,6/21/2019,11:27:38 AM,,
MAT06_B1_EXTRA_04,393893.3464,7614530.606,752.192014,6/21/2019,11:28:03 AM,,
MAT06_B1_F0.5_01,393904.725,7614496.26,751.520464,6/21/2019,11:34:41 AM,,
MAT06_B1_F0.5_02,393903.4199,7614491.531,751.683453,6/21/2019,11:34:58 AM,,
MAT06_B1_F0.5_03,393885.5266,7614501.314,752.70352,6/21/2019,11:34:39 AM,,
MAT06_B1_F0.5_04,393884.2434,7614496.75,752.707563,6/21/2019,11:34:52 AM,,
MAT06_B1_F1_01,393911.9926,7614523.229,751.216541,6/21/2019,11:28:33 AM,,
MAT06_B1_F1_02,393910.7513,7614518.398,751.219271,6/21/2019,11:29:08 AM,,
MAT06_B1_F1_03,393892.8427,7614528.584,752.123116,6/21/2019,11:28:34 AM,,
MAT06_B1_F1_04,393891.4765,7614523.655,752.388966,6/21/2019,11:29:26 AM,,
MAT06_B1_F10_01,393915.5799,7614536.844,751.045208,6/21/2019,11:25:40 AM,,
MAT06_B1_F10_02,393914.3396,7614532.118,751.088521,6/21/2019,11:26:25 AM,,
MAT06_B1_F10_03,393896.3879,7614542.034,752.123346,6/21/2019,11:25:47 AM,,
MAT06_B1_F10_04,393895.0824,7614537.289,752.109116,6/21/2019,11:26:30 AM,,
MAT06_B1_F2_01,393921.0429,7614557.001,751.062183,6/21/2019,11:14:57 AM,,
MAT06_B1_F2_02,393919.7561,7614552.238,751.067632,6/21/2019,11:17:08 AM,,
MAT06_B1_F2_03,393901.781,7614562.305,751.821364,6/21/2019,11:17:44 AM,,
MAT06_B1_F2_04,393900.5003,7614557.522,751.952696,6/21/2019,11:18:06 AM,,
MAT06_B1_F5_01,393917.3233,7614543.445,751.12,6/21/2019,11:24:21 AM,,
MAT06_B1_F5_02,393916.1099,7614538.735,751.233721,6/21/2019,11:25:06 AM,,
MAT06_B1_F5_03,393898.1478,7614548.846,752.015697,6/21/2019,11:24:45 AM,,
MAT06_B1_F5_04,393896.9089,7614544.099,752.003755,6/21/2019,11:25:03 AM,,
MAT06_B1_GH_01,393919.2622,7614550.27,751.114222,6/21/2019,11:17:49 AM,,
MAT06_B1_GH_02,393912.1528,7614552.28,751.464043,6/21/2019,11:18:25 AM,,
MAT06_B1_GH_03,393911.0293,7614548.759,751.432289,6/21/2019,11:18:55 AM,,
MAT06_B1_GH_04,393918.1811,7614546.364,751.063412,6/21/2019,11:19:22 AM,,
MAT06_B1_H_01,393919.1961,7614550.251,751.100763,6/21/2019,11:23:14 AM,,
MAT06_B1_H_02,393917.8982,7614545.491,751.10343,6/21/2019,11:23:36 AM,,
MAT06_B1_H_03,393899.9403,7614555.564,751.837737,6/21/2019,11:20:45 AM,,
MAT06_B1_H_04,393898.677,7614550.84,752.027009,6/21/2019,11:22:20 AM,,
MAT06_B1_NH4-P_01,393906.5264,7614502.999,751.509657,6/21/2019,11:33:39 AM,,
MAT06_B1_NH4-P_02,393905.2681,7614498.252,751.45408,6/21/2019,11:33:55 AM,,
MAT06_B1_NH4-P_03,393887.3637,7614508.197,752.63447,6/21/2019,11:33:43 AM,,
MAT06_B1_NH4-P_04,393886.0746,7614503.489,752.479744,6/21/2019,11:34:08 AM,,
MAT06_B1_NO3-P_01,393908.4095,7614509.767,751.345201,6/21/2019,11:32:53 AM,,
MAT06_B1_NO3-P_02,393907.0965,7614504.962,751.540368,6/21/2019,11:33:15 AM,,
MAT06_B1_NO3-P_03,393889.0532,7614514.972,752.55024,6/21/2019,11:32:59 AM,,
MAT06_B1_NO3-P_04,393887.8449,7614510.212,752.49038,6/21/2019,11:33:15 AM,,
MAT06_B2_CT_01,393913.7399,7614454.207,750.804802,6/21/2019,11:42:47 AM,,
MAT06_B2_CT_02,393913.725,7614449.264,750.834716,6/21/2019,11:43:00 AM,,
MAT06_B2_CT_03,393893.8872,7614454.022,752.197113,6/21/2019,11:42:44 AM,,
MAT06_B2_CT_04,393893.8576,7614449.054,752.258167,6/21/2019,11:43:00 AM,,
MAT06_B2_EXTRA_01,393913.8833,7614412.403,750.87568,6/21/2019,11:47:35 AM,,
MAT06_B2_EXTRA_02,393913.9018,7614407.441,750.885266,6/21/2019,11:47:49 AM,,
MAT06_B2_EXTRA_03,393894.1403,7614412.018,752.389713,6/21/2019,11:47:37 AM,,
MAT06_B2_EXTRA_04,393894.1919,7614407.121,752.364918,6/21/2019,11:47:50 AM,,
MAT06_B2_F0.5_01,393913.7634,7614447.293,750.887669,6/21/2019,11:43:41 AM,,
MAT06_B2_F0.5_02,393913.8003,7614442.37,750.924143,6/21/2019,11:43:59 AM,,
MAT06_B2_F0.5_03,393893.8522,7614446.983,752.30737,6/21/2019,11:43:45 AM,,
MAT06_B2_F0.5_04,393893.8312,7614442.026,752.413626,6/21/2019,11:44:03 AM,,
MAT06_B2_F1_01,393913.7579,7614433.308,751.01905,6/21/2019,11:45:10 AM,,
MAT06_B2_F1_02,393913.8249,7614428.434,750.886302,6/21/2019,11:45:24 AM,,
MAT06_B2_F1_03,393894.1431,7614432.944,752.386603,6/21/2019,11:45:16 AM,,
MAT06_B2_F1_04,393894.0456,7614428.091,752.527251,6/21/2019,11:45:32 AM,,
MAT06_B2_F10_01,393913.7769,7614419.389,751.146444,6/21/2019,11:46:54 AM,,
MAT06_B2_F10_02,393913.8433,7614414.441,750.955174,6/21/2019,11:47:08 AM,,
MAT06_B2_F10_03,393894.077,7614418.98,752.405339,6/21/2019,11:46:52 AM,,
MAT06_B2_F10_04,393894.112,7614414.008,752.507707,6/21/2019,11:47:08 AM,,
MAT06_B2_F2_01,393913.7679,7614440.269,750.928255,6/21/2019,11:44:26 AM,,
MAT06_B2_F2_02,393913.8001,7614435.343,750.831988,6/21/2019,11:44:41 AM,,
MAT06_B2_F2_03,393893.8745,7614439.964,752.403096,6/21/2019,11:44:33 AM,,
MAT06_B2_F2_04,393893.9075,7614435.104,752.450793,6/21/2019,11:44:48 AM,,
MAT06_B2_F5_01,393913.7314,7614468.205,750.732814,6/21/2019,11:37:09 AM,,
MAT06_B2_F5_02,393913.6721,7614463.138,750.756207,6/21/2019,11:37:59 AM,,
MAT06_B2_F5_03,393893.8103,7614467.973,752.214142,6/21/2019,11:36:55 AM,,
MAT06_B2_F5_04,393893.8538,7614463.011,752.160897,6/21/2019,11:37:57 AM,,
MAT06_B2_GH_01,393913.2436,7614456.704,750.754722,6/21/2019,11:40:46 AM,,
MAT06_B2_GH_02,393913.2576,7614460.634,750.675604,6/21/2019,11:41:01 AM,,
MAT06_B2_GH_03,393905.9394,7614460.815,751.239592,6/21/2019,11:41:18 AM,,
MAT06_B2_GH_04,393905.7811,7614456.999,751.310641,6/21/2019,11:42:19 AM,,
MAT06_B2_H_01,393913.5612,7614461.249,750.69768,6/21/2019,11:38:36 AM,,
MAT06_B2_H_02,393913.7512,7614456.225,750.654881,6/21/2019,11:39:12 AM,,
MAT06_B2_H_03,393893.886,7614460.938,752.099151,6/21/2019,11:38:35 AM,,
MAT06_B2_H_04,393893.8666,7614456.048,752.205106,6/21/2019,11:39:13 AM,,
MAT06_B2_NH4-P_01,393913.8345,7614426.27,750.954407,6/21/2019,11:46:02 AM,,
MAT06_B2_NH4-P_02,393913.7377,7614421.415,750.961032,6/21/2019,11:46:16 AM,,
MAT06_B2_NH4-P_03,393894.024,7614425.962,752.284343,6/21/2019,11:46:10 AM,,
MAT06_B2_NH4-P_04,393894.0592,7614420.995,752.419235,6/21/2019,11:46:26 AM,,
MAT06_B2_NO3-P_01,393913.9476,7614405.344,750.837894,6/21/2019,11:48:23 AM,,
MAT06_B2_NO3-P_02,393914.0941,7614400.181,750.802595,6/21/2019,11:48:39 AM,,
MAT06_B2_NO3-P_03,393894.2105,7614404.988,752.346964,6/21/2019,11:48:14 AM,,
MAT06_B2_NO3-P_04,393894.137,7614400.073,752.27689,6/21/2019,11:48:32 AM,,
MAT06_B3_CT_01,393829.2869,7614332.813,759.121038,6/21/2019,11:57:54 AM,,
MAT06_B3_CT_02,393831.0961,7614328.099,759.217961,6/21/2019,11:58:09 AM,,
MAT06_B3_CT_03,393810.5799,7614325.945,760.883849,6/21/2019,11:58:00 AM,,
MAT06_B3_CT_04,393812.3028,7614321.401,761.125726,6/21/2019,11:58:15 AM,,
MAT06_B3_EXTRA_01,393834.0049,7614319.757,759.413513,6/21/2019,11:59:18 AM,,
MAT06_B3_EXTRA_02,393835.7616,7614315.031,759.471357,6/21/2019,11:59:31 AM,,
MAT06_B3_EXTRA_03,393815.4208,7614312.851,761.492873,6/21/2019,11:59:18 AM,,
MAT06_B3_EXTRA_04,393817.4478,7614308.195,761.417541,6/21/2019,11:59:31 AM,,
MAT06_B3_F0.5_01,393824.5749,7614345.881,759.205686,6/21/2019,11:56:27 AM,,
MAT06_B3_F0.5_02,393826.1553,7614341.171,759.165054,6/21/2019,11:56:41 AM,,
MAT06_B3_F0.5_03,393805.7928,7614339.003,760.884033,6/21/2019,11:56:25 AM,,
MAT06_B3_F0.5_04,393807.4621,7614334.466,761.012472,6/21/2019,11:56:39 AM,,
MAT06_B3_F1_01,393822.2048,7614352.42,759.027876,6/21/2019,11:55:51 AM,,
MAT06_B3_F1_02,393823.8503,7614347.885,759.072403,6/21/2019,11:56:05 AM,,
MAT06_B3_F1_03,393803.3451,7614345.658,761.003855,6/21/2019,11:55:43 AM,,
MAT06_B3_F1_04,393805.072,7614341.038,760.964244,6/21/2019,11:55:58 AM,,
MAT06_B3_F10_01,393831.6659,7614326.156,759.282157,6/21/2019,11:58:38 AM,,
MAT06_B3_F10_02,393833.3115,7614321.524,759.333774,6/21/2019,11:58:55 AM,,
MAT06_B3_F10_03,393813.0219,7614319.411,761.191827,6/21/2019,11:58:41 AM,,
MAT06_B3_F10_04,393814.6895,7614314.817,761.408652,6/21/2019,11:58:57 AM,,
MAT06_B3_F2_01,393812.3647,7614378.703,758.82482,6/21/2019,11:51:35 AM,,
MAT06_B3_F2_02,393814.1332,7614374.026,759.167931,6/21/2019,11:51:49 AM,,
MAT06_B3_F2_03,393793.7945,7614371.973,760.678293,6/21/2019,11:51:30 AM,,
MAT06_B3_F2_04,393795.4371,7614367.304,760.676671,6/21/2019,11:51:50 AM,,
MAT06_B3_F5_01,393826.8832,7614339.328,759.25795,6/21/2019,11:57:09 AM,,
MAT06_B3_F5_02,393828.7052,7614334.481,759.121947,6/21/2019,11:57:22 AM,,
MAT06_B3_F5_03,393808.0912,7614332.577,760.930051,6/21/2019,11:57:19 AM,,
MAT06_B3_F5_04,393809.8223,7614327.911,761.053531,6/21/2019,11:57:32 AM,,
MAT06_B3_GH_01,393818.4985,7614357.855,759.113977,6/21/2019,11:54:33 AM,,
MAT06_B3_GH_02,393811.6053,7614355.009,759.801622,6/21/2019,11:54:52 AM,,
MAT06_B3_GH_03,393813.1026,7614351.511,759.844768,6/21/2019,11:55:06 AM,,
MAT06_B3_GH_04,393819.9905,7614354.222,759.049963,6/21/2019,11:55:22 AM,,
MAT06_B3_H_01,393819.7047,7614358.95,759.1114,6/21/2019,11:53:50 AM,,
MAT06_B3_H_02,393821.4559,7614354.34,758.997691,6/21/2019,11:54:05 AM,,
MAT06_B3_H_03,393800.951,7614352.183,760.948332,6/21/2019,11:53:56 AM,,
MAT06_B3_H_04,393802.6667,7614347.619,760.957277,6/21/2019,11:54:24 AM,,
MAT06_B3_NH4-P_01,393814.8659,7614372.113,759.153539,6/21/2019,11:52:16 AM,,
MAT06_B3_NH4-P_02,393816.6599,7614367.389,759.133604,6/21/2019,11:52:30 AM,,
MAT06_B3_NH4-P_03,393796.2333,7614365.267,760.803697,6/21/2019,11:52:14 AM,,
MAT06_B3_NH4-P_04,393797.8653,7614360.79,760.851138,6/21/2019,11:52:32 AM,,
MAT06_B3_NO3-P_01,393817.3462,7614365.517,759.069719,6/21/2019,11:53:09 AM,,
MAT06_B3_NO3-P_02,393798.5563,7614358.826,760.746133,6/21/2019,11:53:09 AM,,
MAT06_B3_NO3-P_03,393800.2365,7614354.129,760.837104,6/21/2019,11:53:25 AM,,
MAT06_B3_NO3-P_04,393819.033,7614360.85,759.20511,6/21/2019,11:53:24 AM,,
MAT06_B4_CT_01,393950.0886,7614171.252,755.614639,6/21/2019,12:12:37 PM,,
MAT06_B4_CT_02,393950.8906,7614166.406,755.577985,6/21/2019,12:12:54 PM,,
MAT06_B4_CT_03,393930.5948,7614168.152,757.042931,6/21/2019,12:12:31 PM,,
MAT06_B4_CT_04,393931.1998,7614163.368,757.2022,6/21/2019,12:12:50 PM,,
MAT06_B4_EXTRA_01,393957.0076,7614129.955,755.891256,6/21/2019,12:18:11 PM,,
MAT06_B4_EXTRA_02,393957.6303,7614124.822,755.898472,6/21/2019,12:18:31 PM,,
MAT06_B4_EXTRA_03,393937.0656,7614126.767,757.521281,6/21/2019,12:18:09 PM,,
MAT06_B4_EXTRA_04,393937.8917,7614121.881,757.466922,6/21/2019,12:18:28 PM,,
MAT06_B4_F0.5_01,393946.8575,7614191.957,755.400811,6/21/2019,12:10:06 PM,,
MAT06_B4_F0.5_02,393947.5997,7614187.105,755.421471,6/21/2019,12:10:19 PM,,
MAT06_B4_F0.5_03,393927.1758,7614188.872,757.13165,6/21/2019,12:09:47 PM,,
MAT06_B4_F0.5_04,393927.9824,7614184.053,757.319045,6/21/2019,12:10:12 PM,,
MAT06_B4_F1_01,393951.2499,7614164.404,755.626101,6/21/2019,12:13:16 PM,,
MAT06_B4_F1_02,393951.9954,7614159.478,755.645097,6/21/2019,12:13:31 PM,,
MAT06_B4_F1_03,393931.5921,7614161.316,757.275725,6/21/2019,12:13:17 PM,,
MAT06_B4_F1_04,393932.3523,7614156.413,757.207508,6/21/2019,12:13:33 PM,,
MAT06_B4_F10_01,393955.874,7614136.829,755.61157,6/21/2019,12:17:38 PM,,
MAT06_B4_F10_02,393956.6708,7614131.984,755.822805,6/21/2019,12:17:52 PM,,
MAT06_B4_F10_03,393935.9714,7614133.656,757.382198,6/21/2019,12:17:29 PM,,
MAT06_B4_F10_04,393936.8155,7614128.811,757.555383,6/21/2019,12:17:46 PM,,
MAT06_B4_F2_01,393952.3364,7614157.482,755.630569,6/21/2019,12:13:57 PM,,
MAT06_B4_F2_02,393953.1775,7614152.612,755.824809,6/21/2019,12:14:11 PM,,
MAT06_B4_F2_03,393932.7386,7614154.359,757.307925,6/21/2019,12:13:59 PM,,
MAT06_B4_F2_04,393933.4285,7614149.51,757.270091,6/21/2019,12:14:14 PM,,
MAT06_B4_F5_01,393947.8488,7614185.109,755.396916,6/21/2019,12:10:48 PM,,
MAT06_B4_F5_02,393948.7063,7614180.178,755.520348,6/21/2019,12:11:06 PM,,
MAT06_B4_F5_03,393928.3407,7614181.974,757.220589,6/21/2019,12:10:52 PM,,
MAT06_B4_F5_04,393929.0948,7614177.138,757.280975,6/21/2019,12:11:17 PM,,
MAT06_B4_GH_01,393953.1747,7614146.003,755.663044,6/21/2019,12:15:26 PM,,
MAT06_B4_GH_02,393945.929,7614144.749,756.296658,6/21/2019,12:15:44 PM,,
MAT06_B4_GH_03,393945.1976,7614148.358,756.393816,6/21/2019,12:16:04 PM,,
MAT06_B4_GH_04,393952.4877,7614149.833,755.626489,6/21/2019,12:16:21 PM,,
MAT06_B4_H_01,393953.4818,7614150.596,755.516947,6/21/2019,12:14:45 PM,,
MAT06_B4_H_02,393954.3792,7614145.502,755.571603,6/21/2019,12:15:01 PM,,
MAT06_B4_H_03,393933.6834,7614147.448,757.309779,6/21/2019,12:14:47 PM,,
MAT06_B4_H_04,393934.5604,7614142.626,757.412363,6/21/2019,12:15:03 PM,,
MAT06_B4_NH4-P_01,393949.0194,7614178.147,755.614256,6/21/2019,12:11:57 PM,,
MAT06_B4_NH4-P_02,393949.7839,7614173.28,755.600932,6/21/2019,12:12:11 PM,,
MAT06_B4_NH4-P_03,393929.4016,7614175.054,757.18571,6/21/2019,12:11:57 PM,,
MAT06_B4_NH4-P_04,393930.2481,7614170.247,757.125566,6/21/2019,12:12:10 PM,,
MAT06_B4_NO3-P_01,393955.5866,7614138.841,755.768459,6/21/2019,12:17:10 PM,,
MAT06_B4_NO3-P_02,393934.8645,7614140.572,757.406554,6/21/2019,12:16:51 PM,,
MAT06_B4_NO3-P_03,393935.7376,7614135.705,757.43247,6/21/2019,12:17:07 PM,,
MAT06_B4_NO3-P_04,393954.7125,7614143.518,755.699051,6/21/2019,12:16:56 PM,,
MAT81_B1_CHO_01,395185.9507,7615265.274,755.18235,7/14/2019,1:28:34 PM,,
MAT81_B1_CHO_02,395181.0578,7615264.721,754.984871,7/14/2019,1:28:50 PM,,
MAT81_B1_CHO_03,395187.696,7615245.238,755.221271,7/14/2019,1:29:39 PM,,
MAT81_B1_CHO_04,395182.7839,7615244.783,755.072457,7/14/2019,1:29:56 PM,,
MAT81_B1_CT_01,395193.6862,7615245.513,755.415562,7/14/2019,1:25:50 PM,,
MAT81_B1_CT_02,395188.747,7615245.414,755.264948,7/14/2019,1:26:30 PM,,
MAT81_B1_CT_03,395187.0197,7615265.269,755.202625,7/14/2019,1:27:00 PM,,
MAT81_B1_CT_04,395191.9077,7615265.646,755.398048,7/14/2019,1:27:17 PM,,
MAT81_B1_GH_01,395181.7761,7615244.684,754.995197,7/14/2019,1:31:31 PM,,
MAT81_B1_GH_02,395176.7342,7615244.457,754.726194,7/14/2019,1:31:54 PM,,
MAT81_B1_GH_03,395175.0771,7615264.33,754.831378,7/14/2019,1:32:23 PM,,
MAT81_B1_GH_04,395180.0464,7615264.605,754.907036,7/14/2019,1:32:38 PM,,
MAT81_B1_NP_01,395203.705,7615246.217,756.043545,7/14/2019,1:12:38 PM,,
MAT81_B1_NP_02,395198.6,7615245.648,755.844819,7/14/2019,1:14:17 PM,,
MAT81_B1_NP_03,395201.848,7615266.617,755.841874,7/14/2019,1:15:28 PM,,
MAT81_B1_NP_04,395196.9674,7615266.197,755.81904,7/14/2019,1:15:42 PM,,
MAT81_B1_SH_01,395195.9728,7615266.067,755.795844,7/14/2019,1:17:15 PM,,
MAT81_B1_SH_02,395193.004,7615265.763,755.464533,7/14/2019,1:18:17 PM,,
MAT81_B1_SH_03,395197.4719,7615245.56,755.699266,7/14/2019,1:24:27 PM,,
MAT81_B1_SH_04,395194.6722,7615245.617,755.661308,7/14/2019,1:24:39 PM,,
MAT81_B2_CHO_01,395227.992,7615269.269,756.998786,7/14/2019,1:07:59 PM,,
MAT81_B2_CHO_02,395223.1347,7615268.821,756.931835,7/14/2019,1:08:13 PM,,
MAT81_B2_CHO_03,395223.8481,7615248.923,756.963604,7/14/2019,1:08:45 PM,,
MAT81_B2_CHO_04,395228.6619,7615249.109,757.034949,7/14/2019,1:09:01 PM,,
MAT81_B2_CT_01,395238.6832,7615249.479,757.54359,7/14/2019,12:56:19 PM,,
MAT81_B2_CT_02,395233.7352,7615249.272,757.306619,7/14/2019,12:56:31 PM,,
MAT81_B2_CT_03,395232.9743,7615269.334,757.198044,7/14/2019,12:57:02 PM,,
MAT81_B2_CT_04,395237.988,7615269.447,757.442398,7/14/2019,12:57:17 PM,,
MAT81_B2_GH_01,395242.5079,7615269.66,757.593737,7/14/2019,12:52:38 PM,,
MAT81_B2_GH_02,395238.9882,7615269.568,757.422591,7/14/2019,12:53:36 PM,,
MAT81_B2_GH_03,395239.7138,7615249.498,757.646821,7/14/2019,12:54:14 PM,,
MAT81_B2_GH_04,395242.9651,7615249.628,757.670942,7/14/2019,12:54:28 PM,,
MAT81_B2_NP_01,395248.7889,7615249.816,757.975827,7/14/2019,12:47:27 PM,,
MAT81_B2_NP_02,395243.7946,7615249.616,757.660982,7/14/2019,12:48:15 PM,,
MAT81_B2_NP_03,395243.5195,7615269.648,757.547275,7/14/2019,12:49:14 PM,,
MAT81_B2_NP_04,395248.091,7615269.909,757.620309,7/14/2019,12:51:50 PM,,
MAT81_B2_SH_01,395232.8532,7615249.318,757.191471,7/14/2019,12:58:08 PM,,
MAT81_B2_SH_02,395229.796,7615249.217,757.134388,7/14/2019,1:06:54 PM,,
MAT81_B2_SH_03,395231.9646,7615269.4,757.175847,7/14/2019,1:07:28 PM,,
MAT81_B2_SH_04,395229.0184,7615269.301,757.081689,7/14/2019,1:07:39 PM,,
MAT81_B3_CHO_01,395257.9006,7615249.151,758.166606,7/14/2019,12:44:40 PM,,
MAT81_B3_CHO_02,395253.3697,7615251.42,758.10239,7/14/2019,12:44:55 PM,,
MAT81_B3_CHO_03,395262.5282,7615269.428,758.145043,7/14/2019,12:45:21 PM,,
MAT81_B3_CHO_04,395266.9683,7615267.142,758.307573,7/14/2019,12:45:49 PM,,
MAT81_B3_CT_01,395272.2501,7615264.465,758.44587,7/14/2019,12:40:49 PM,,
MAT81_B3_CT_02,395267.8281,7615266.62,758.20826,7/14/2019,12:41:11 PM,,
MAT81_B3_CT_03,395258.7951,7615248.723,758.218666,7/14/2019,12:43:27 PM,,
MAT81_B3_CT_04,395262.9316,7615246.233,758.340588,7/14/2019,12:43:56 PM,,
MAT81_B3_GH_01,395273.0647,7615241.622,758.597855,7/14/2019,12:09:33 PM,,
MAT81_B3_GH_02,395277.5382,7615238.993,758.650894,7/14/2019,12:09:51 PM,,
MAT81_B3_GH_03,395286.4917,7615257.294,758.718493,7/14/2019,12:13:45 PM,,
MAT81_B3_GH_04,395282.0343,7615259.494,758.581067,7/14/2019,12:14:00 PM,,
MAT81_B3_NP_01,395281.1334,7615259.903,758.640129,7/14/2019,12:14:59 PM,,
MAT81_B3_NP_02,395276.531,7615262.313,758.428747,7/14/2019,12:23:56 PM,,
MAT81_B3_NP_03,395267.735,7615244.162,758.351417,7/14/2019,12:24:25 PM,,
MAT81_B3_NP_04,395272.17,7615241.932,758.482052,7/14/2019,12:24:42 PM,,
MAT81_B3_SH_01,395266.7792,7615244.396,758.331369,7/14/2019,12:25:47 PM,,
MAT81_B3_SH_02,395263.89,7615245.912,758.409734,7/14/2019,12:26:34 PM,,
MAT81_B3_SH_03,395275.6437,7615262.777,758.364876,7/14/2019,12:32:25 PM,,
MAT81_B3_SH_04,395273.1348,7615263.948,758.39234,7/14/2019,12:39:19 PM,,
MAT81_B4_CHO_01,395258.8763,7615210.894,758.138733,7/14/2019,11:51:00 AM,,
MAT81_B4_CHO_02,395270.8393,7615226.786,758.423959,7/14/2019,11:51:35 AM,,
MAT81_B4_CHO_03,395267.1136,7615230.154,758.394942,7/14/2019,11:51:52 AM,,
MAT81_B4_CHO_04,395254.7945,7615213.984,758.039291,7/14/2019,11:54:20 AM,,
MAT81_B4_CT_01,395263.4467,7615207.311,758.373524,7/14/2019,11:48:07 AM,,
MAT81_B4_CT_02,395275.6797,7615223.452,758.653456,7/14/2019,11:48:37 AM,,
MAT81_B4_CT_03,395271.6574,7615226.278,758.517126,7/14/2019,11:48:53 AM,,
MAT81_B4_CT_04,395259.5229,7615210.303,758.096032,7/14/2019,11:49:55 AM,,
MAT81_B4_GH_01,395254.0242,7615214.706,758.010678,7/14/2019,12:02:57 PM,,
MAT81_B4_GH_02,395266.2974,7615230.734,758.34961,7/14/2019,12:03:25 PM,,
MAT81_B4_GH_03,395262.2335,7615233.584,758.205285,7/14/2019,12:03:39 PM,,
MAT81_B4_GH_04,395250.1005,7615217.819,757.802557,7/14/2019,12:04:08 PM,,
MAT81_B4_NP_01,395271.4957,7615201.14,758.736145,7/14/2019,11:42:06 AM,,
MAT81_B4_NP_02,395267.4236,7615204.257,758.760436,7/14/2019,11:42:24 AM,,
MAT81_B4_NP_03,395279.5595,7615220.279,758.688997,7/14/2019,11:44:02 AM,,
MAT81_B4_NP_04,395283.6297,7615217.206,758.87897,7/14/2019,11:44:17 AM,,
MAT81_B4_SH_01,395278.6873,7615220.729,758.695208,7/14/2019,11:45:13 AM,,
MAT81_B4_SH_02,395276.421,7615222.803,758.626734,7/14/2019,11:45:37 AM,,
MAT81_B4_SH_03,395264.2171,7615206.76,758.44942,7/14/2019,11:46:42 AM,,
MAT81_B4_SH_04,395266.6515,7615204.957,758.561112,7/14/2019,11:47:05 AM,,
MAT89_B1_CT1_1,393863.4947,7614743.328,743.743093,6/26/2019,3:07:23 PM,,
MAT89_B1_CT1_2,393867.6196,7614740.985,743.89989,6/26/2019,3:07:44 PM,,
MAT89_B1_CT1_3,393853.3515,7614725.984,745.016239,6/26/2019,3:07:18 PM,,
MAT89_B1_CT1_4,393857.9224,7614723.58,745.092999,6/26/2019,3:07:38 PM,,
MAT89_B1_CT2_1,393826.7805,7614763.891,742.840566,6/26/2019,2:56:17 PM,,
MAT89_B1_CT2_2,393830.9807,7614761.531,743.046216,6/26/2019,2:56:36 PM,,
MAT89_B1_CT2_3,393817.0033,7614746.406,744.077217,6/26/2019,2:56:32 PM,,
MAT89_B1_CT2_4,393821.3597,7614743.934,744.143119,6/26/2019,2:56:51 PM,,
MAT89_B1_EXC-CT-LF_1,393870.3596,7614727.947,744.791669,6/26/2019,3:11:36 PM,,
MAT89_B1_EXC-CT-LF_2,393875.0678,7614725.389,745.160528,6/26/2019,3:12:24 PM,,
MAT89_B1_EXC-CT-MF-5,393868.3164,7614723.461,745.160528,6/26/2020,,,
MAT89_B1_EXC-CT-MF-6,393872.5391,7614721.09,744.294825,6/26/2021,,,
MAT89_B1_EXC-CT-NF_1,393875.6764,7614736.455,744.294825,6/26/2019,3:10:42 PM,,
MAT89_B1_EXC-CT-NF_2,393880.0512,7614734.089,744.442555,6/26/2019,3:10:59 PM,,
MAT89_B1_EXC-CT-SF_3,393865.6066,7614719.033,745.384983,6/26/2019,3:10:50 PM,,
MAT89_B1_EXC-CT-SF_4,393870.1278,7614716.686,745.592571,6/26/2019,3:11:08 PM,,
MAT89_B1_EXC-NP-LF_1,393838.9467,7614756.936,743.320317,6/26/2019,2:59:59 PM,,
MAT89_B1_EXC-NP-LF_2,393843.4457,7614754.534,743.44651,6/26/2019,3:00:21 PM,,
MAT89_B1_EXC-NP-MF-5,393836.7313,7614752.582,743.44651,6/26/2020,,,
MAT89_B1_EXC-NP-MF-6,393840.7874,7614749.971,744.387308,6/26/2021,,,
MAT89_B1_EXC-NP-NF_3,393829.0038,7614739.69,744.387308,6/26/2019,2:59:52 PM,,
MAT89_B1_EXC-NP-NF_4,393833.6481,7614737.174,744.542125,6/26/2019,3:00:14 PM,,
MAT89_B1_EXC-NP-SF_1,393833.6948,7614748.125,743.761822,6/26/2019,3:01:12 PM,,
MAT89_B1_EXC-NP-SF_2,393838.2587,7614745.882,743.856153,6/26/2019,3:01:11 PM,,
MAT89_B1_GH_OUT_1,393869.3059,7614739.83,744.076231,6/26/2019,3:08:12 PM,,
MAT89_B1_GH_OUT_2,393873.6239,7614737.459,744.404079,6/26/2019,3:08:29 PM,,
MAT89_B1_GH_OUT_3,393859.6727,7614722.532,745.179142,6/26/2019,3:08:15 PM,,
MAT89_B1_GH_OUT_4,393863.8436,7614720.086,745.289149,6/26/2019,3:08:34 PM,,
MAT89_B1_GH-CT_1,393864.6044,7614723.101,744.987531,6/26/2019,3:09:01 PM,,
MAT89_B1_GH-CT_2,393862.3569,7614724.262,744.958305,6/26/2019,3:09:18 PM,,
MAT89_B1_GH-CT_3,393864.6962,7614728.659,744.533426,6/26/2019,3:09:38 PM,,
MAT89_B1_GH-CT_4,393866.924,7614727.503,744.632056,6/26/2019,3:10:01 PM,,
MAT89_B1_GH-NP_1,393869.0415,7614736.984,744.216296,6/26/2019,3:09:24 PM,,
MAT89_B1_GH-NP_2,393871.3635,7614735.846,744.404956,6/26/2019,3:09:07 PM,,
MAT89_B1_GH-NP_3,393866.8402,7614732.546,744.396561,6/26/2019,3:09:45 PM,,
MAT89_B1_GH-NP_4,393869.0575,7614731.499,744.491272,6/26/2019,3:10:06 PM,,
MAT89_B1_LIME_1,393823.1709,7614712.059,746.406249,6/26/2019,3:02:56 PM,,
MAT89_B1_LIME_2,393818.8061,7614714.174,746.139674,6/26/2019,3:02:58 PM,,
MAT89_B1_LIME-SULFUR_5,393823.2191,7614723.063,746.139674,6/26/2020,,,
MAT89_B1_LIME-SULFUR_6,393827.777,7614721.131,743.634234,6/26/2021,,,
MAT89_B1_N_1,393851.2575,7614750.221,743.634234,6/26/2019,3:05:42 PM,,
MAT89_B1_N_2,393855.7375,7614747.777,743.602183,6/26/2019,3:06:12 PM,,
MAT89_B1_N_3,393841.2847,7614732.773,744.833313,6/26/2019,3:05:44 PM,,
MAT89_B1_N_4,393845.7925,7614730.456,744.831417,6/26/2019,3:06:03 PM,,
MAT89_B1_NP_1,393845.0292,7614753.594,743.279958,6/26/2019,3:04:56 PM,,
MAT89_B1_NP_2,393849.2283,7614751.333,743.426587,6/26/2019,3:05:12 PM,,
MAT89_B1_NP_3,393835.2463,7614736.255,744.553584,6/26/2019,3:04:30 PM,,
MAT89_B1_NP_4,393839.6795,7614733.751,744.636079,6/26/2019,3:04:57 PM,,
MAT89_B1_P_1,393857.296,7614746.751,743.722847,6/26/2019,3:06:40 PM,,
MAT89_B1_P_2,393862.3782,7614743.97,743.673101,6/26/2019,3:06:57 PM,,
MAT89_B1_P_3,393847.4699,7614729.394,744.81579,6/26/2019,3:06:33 PM,,
MAT89_B1_P_4,393852.2078,7614726.733,744.896314,6/26/2019,3:06:56 PM,,
MAT89_B1_R-14C_1,393820.4582,7614767.474,742.902877,6/26/2019,2:54:29 PM,,
MAT89_B1_R-14C_2,393825.0605,7614764.829,742.901195,6/26/2019,2:55:08 PM,,
MAT89_B1_R-14C_3,393810.9683,7614750.045,744.015018,6/26/2019,2:55:45 PM,,
MAT89_B1_R-14C_4,393815.3744,7614747.341,744.112889,6/26/2019,2:56:01 PM,,
MAT89_B1_SH_OUT_1,393833.0159,7614760.415,743.181058,6/26/2019,2:57:23 PM,,
MAT89_B1_SH_OUT_2,393837.0929,7614758,743.170584,6/26/2019,2:57:36 PM,,
MAT89_B1_SH_OUT_3,393823.1618,7614743.014,744.338402,6/26/2019,2:57:23 PM,,
MAT89_B1_SH_OUT_4,393827.4353,7614740.688,744.298746,6/26/2019,2:57:42 PM,,
MAT89_B1_SH-CT_1,393825.3786,7614744.845,744.045918,6/26/2019,2:58:12 PM,,
MAT89_B1_SH-CT_2,393827.6532,7614743.742,744.187977,6/26/2019,2:59:10 PM,,
MAT89_B1_SH-CT_3,393829.902,7614748.068,743.831404,6/26/2019,2:58:50 PM,,
MAT89_B1_SH-CT_4,393827.5994,7614749.243,743.760841,6/26/2019,2:58:29 PM,,
MAT89_B1_SH-NP_1,393832.7413,7614757.409,743.212882,6/26/2019,2:58:27 PM,,
MAT89_B1_SH-NP_2,393834.8744,7614756.09,743.378552,6/26/2019,2:59:22 PM,,
MAT89_B1_SH-NP_3,393830.2815,7614753.147,743.597464,6/26/2019,2:58:46 PM,,
MAT89_B1_SH-NP_4,393832.4141,7614751.91,743.662453,6/26/2019,2:59:00 PM,,
MAT89_B1_SULFUR_3,393827.5957,7614731.955,744.884389,6/26/2019,3:03:34 PM,,
MAT89_B1_SULFUR_4,393832.054,7614729.779,745.067784,6/26/2019,3:03:29 PM,,
MAT89_B2_CT1_1,393849.838,7614696.785,746.633964,6/26/2019,1:56:44 PM,,
MAT89_B2_CT1_2,393845.4608,7614698.593,746.429456,6/26/2019,1:57:50 PM,,
MAT89_B2_CT1_3,393843.184,7614677.932,748.459664,6/26/2019,1:57:40 PM,,
MAT89_B2_CT1_4,393838.1583,7614679.905,748.162942,6/26/2019,1:58:06 PM,,
MAT89_B2_CT2_1,393863.1115,7614691.735,747.124278,6/26/2019,1:52:39 PM,,
MAT89_B2_CT2_2,393858.4761,7614693.471,747.142514,6/26/2019,1:53:11 PM,,
MAT89_B2_CT2_3,393856.4244,7614672.829,748.411091,6/26/2019,1:53:22 PM,,
MAT89_B2_CT2_4,393851.6392,7614674.707,748.395514,6/26/2019,1:53:44 PM,,
MAT89_B2_EXC-CT-LF_3,393820.5369,7614697.265,747.284539,6/26/2019,2:05:37 PM,,
MAT89_B2_EXC-CT-LF_4,393815.7511,7614698.994,747.299606,6/26/2019,2:06:21 PM,,
MAT89_B2_EXC-CT-MF-5,393818.7404,7614692.642,747.299606,6/26/2020,,,
MAT89_B2_EXC-CT-MF-6,393814.2954,7614694.15,746.63547,6/26/2021,,,
MAT89_B2_EXC-CT-NF_1,393823.864,7614706.589,746.63547,6/26/2019,2:04:49 PM,,
MAT89_B2_EXC-CT-NF_2,393819.237,7614708.319,746.59824,6/26/2019,2:05:04 PM,,
MAT89_B2_EXC-CT-SF_3,393817.1495,7614687.759,748.026175,6/26/2019,2:05:20 PM,,
MAT89_B2_EXC-CT-SF_4,393812.3932,7614689.567,747.990738,6/26/2019,2:05:41 PM,,
MAT89_B2_EXC-NP-LF_3,393869.5107,7614668.02,748.582867,6/26/2019,1:48:08 PM,,
MAT89_B2_EXC-NP-LF_4,393864.9968,7614669.898,748.524065,6/26/2019,1:50:21 PM,,
MAT89_B2_EXC-NP-MF_5,393866.2561,7614674.513,748.524065,6/26/2020,,,
MAT89_B2_EXC-NP-MF_6,393871.315,7614672.767,747.270694,6/26/2021,,,
MAT89_B2_EXC-NP-NF_1,393876.1834,7614686.942,747.270694,6/26/2022,1:46:56 PM,,
MAT89_B2_EXC-NP-NF_2,393871.699,7614688.463,747.397508,6/26/2019,1:48:14 PM,,
MAT89_B2_EXC-NP-SF_1,393868.1921,7614679.294,747.888932,6/26/2019,1:50:25 PM,,
MAT89_B2_EXC-NP-SF_2,393872.8507,7614677.505,747.861111,6/26/2019,1:50:56 PM,,
MAT89_B2_GH-CT_1,393836.949,7614683.434,747.874397,6/26/2019,1:58:56 PM,,
MAT89_B2_GH-CT_2,393834.5469,7614684.198,747.899756,6/26/2019,1:59:14 PM,,
MAT89_B2_GH-CT_3,393836.2359,7614688.852,747.560179,6/26/2019,1:59:37 PM,,
MAT89_B2_GH-CT_4,393838.6868,7614688.008,747.476336,6/26/2019,1:59:59 PM,,
MAT89_B2_GH-NP_1,393842.0805,7614697.381,746.552624,6/26/2019,1:58:51 PM,,
MAT89_B2_GH-NP_2,393839.6058,7614698.281,746.509237,6/26/2019,1:59:14 PM,,
MAT89_B2_GH-NP_3,393837.4599,7614693.81,747.002396,6/26/2019,1:59:34 PM,,
MAT89_B2_GH-NP_4,393839.8623,7614693.085,746.980504,6/26/2019,1:59:49 PM,,
MAT89_B2_LIME_3,393855.2257,7614698.069,746.721987,6/26/2019,3:12:29 PM,,
MAT89_B2_LIME_4,393859.863,7614695.984,746.749825,6/26/2019,3:12:52 PM,,
MAT89_B2_LIME-SULFUR_5,393860.0907,7614707.218,746.749825,6/26/2020,,,
MAT89_B2_LIME-SULFUR_6,393864.7103,7614705.011,746.555764,6/26/2021,,,
MAT89_B2_N_1,393837.088,7614701.684,746.555764,6/26/2019,2:00:36 PM,,
MAT89_B2_N_2,393832.5691,7614703.313,746.681677,6/26/2019,2:00:52 PM,,
MAT89_B2_N_3,393830.1537,7614682.974,748.057466,6/26/2019,2:01:02 PM,,
MAT89_B2_N_4,393825.5384,7614684.495,748.161944,6/26/2019,2:01:26 PM,,
MAT89_B2_NP_1,393830.5231,7614704.09,746.757364,6/26/2019,2:02:59 PM,,
MAT89_B2_NP_2,393825.8233,7614705.866,746.577231,6/26/2019,2:03:21 PM,,
MAT89_B2_NP_3,393823.57,7614685.261,748.238321,6/26/2019,2:02:24 PM,,
MAT89_B2_NP_4,393818.9625,7614687.403,748.123901,6/26/2019,2:03:30 PM,,
MAT89_B2_P_1,393869.6439,7614689.318,747.301947,6/26/2019,1:51:39 PM,,
MAT89_B2_P_2,393865.0309,7614690.931,747.242768,6/26/2019,1:51:59 PM,,
MAT89_B2_P_3,393862.9488,7614670.625,748.513427,6/26/2019,1:51:35 PM,,
MAT89_B2_P_4,393858.0686,7614672.178,748.481933,6/26/2019,1:52:02 PM,,
MAT89_B2_R-14C_1,393817.365,7614709.028,746.441885,6/26/2019,2:07:09 PM,,
MAT89_B2_R-14C_2,393812.7544,7614710.866,746.367014,6/26/2019,2:07:44 PM,,
MAT89_B2_R-14C_3,393810.6301,7614690.235,748.098443,6/26/2019,2:06:46 PM,,
MAT89_B2_R-14C_4,393805.697,7614692.041,748.038398,6/26/2019,2:07:13 PM,,
MAT89_B2_SH_OUT_1,393856.5569,7614694.159,747.091528,6/26/2019,1:53:51 PM,,
MAT89_B2_SH_OUT_2,393851.86,7614696.067,746.783823,6/26/2019,1:54:13 PM,,
MAT89_B2_SH_OUT_3,393849.6889,7614675.398,748.376457,6/26/2019,1:54:10 PM,,
MAT89_B2_SH_OUT_4,393845.1224,7614677.092,748.306934,6/26/2019,1:54:28 PM,,
MAT89_B2_SH-CT_1,393847.2622,7614679.036,748.179847,6/26/2019,1:55:04 PM,,
MAT89_B2_SH-CT_2,393849.6625,7614678.282,748.221436,6/26/2019,1:55:32 PM,,
MAT89_B2_SH-CT_3,393851.2227,7614682.981,747.94537,6/26/2019,1:55:54 PM,,
MAT89_B2_SH-CT_4,393848.7581,7614683.78,747.928111,6/26/2019,1:56:47 PM,,
MAT89_B2_SH-NP_1,393854.5269,7614692.498,747.197777,6/26/2019,1:55:17 PM,,
MAT89_B2_SH-NP_2,393852.1338,7614693.333,747.004987,6/26/2019,1:54:53 PM,,
MAT89_B2_SH-NP_3,393853.0178,7614687.801,747.586213,6/26/2019,1:55:39 PM,,
MAT89_B2_SH-NP_4,393850.6088,7614688.578,747.435229,6/26/2019,1:55:55 PM,,
MAT89_B2_SULFUR_1,393864.7164,7614715.941,745.634213,6/26/2019,3:12:02 PM,,
MAT89_B2_SULFUR_2,393869.0918,7614713.779,745.689479,6/26/2019,3:11:44 PM,,
MAT89_B3_CT1_1,393783.3144,7614778.781,742.630623,6/26/2019,2:43:54 PM,,
MAT89_B3_CT1_2,393787.871,7614776.771,742.671495,6/26/2019,2:44:10 PM,,
MAT89_B3_CT1_3,393775.273,7614760.562,743.71499,6/26/2019,2:44:09 PM,,
MAT89_B3_CT1_4,393779.9026,7614758.479,743.846248,6/26/2019,2:44:30 PM,,
MAT89_B3_CT2_1,393777.137,7614781.656,742.544165,6/26/2019,2:39:42 PM,,
MAT89_B3_CT2_2,393781.5476,7614779.504,742.519341,6/26/2019,2:39:59 PM,,
MAT89_B3_CT2_3,393768.5525,7614763.74,743.693126,6/26/2019,2:43:28 PM,,
MAT89_B3_CT2_4,393773.4732,7614761.232,743.724456,6/26/2019,2:43:48 PM,,
MAT89_B3_EXC-CT-LF_3,393741.4554,7614775.357,743.087729,6/26/2019,2:30:49 PM,,
MAT89_B3_EXC-CT-LF_4,393736.9938,7614777.428,743.058118,6/26/2019,2:31:07 PM,,
MAT89_B3_EXC-CT-MF_5,393743.3458,7614779.521,743.058118,6/26/2020,,,
MAT89_B3_EXC-CT-MF_6,393739.1309,7614781.513,742.127293,6/26/2021,,,
MAT89_B3_EXC-CT-NF_1,393744.8059,7614795.536,742.127293,6/26/2019,2:31:26 PM,,
MAT89_B3_EXC-CT-NF_2,393749.482,7614793.587,742.225238,6/26/2019,2:32:00 PM,,
MAT89_B3_EXC-CT-SF_1,393740.8536,7614786.545,742.436162,6/26/2019,2:32:07 PM,,
MAT89_B3_EXC-CT-SF_2,393745.3689,7614784.415,742.62484,6/26/2019,2:32:54 PM,,
MAT89_B3_EXC-NP-LF_1,393764.7273,7614775.973,743.060462,6/26/2019,2:36:15 PM,,
MAT89_B3_EXC-NP-LF_2,393760.2275,7614778.018,742.952097,6/26/2019,2:37:13 PM,,
MAT89_B3_EXC-NP-MF_5,393758.2203,7614773.205,742.952097,6/26/2020,,,
MAT89_B3_EXC-NP-MF_6,393762.8082,7614771.189,742.457408,6/26/2021,,,
MAT89_B3_EXC-NP-NF_1,393764.0669,7614787.089,742.457408,6/26/2019,2:35:56 PM,,
MAT89_B3_EXC-NP-NF_2,393768.8346,7614785.296,742.649682,6/26/2019,2:36:22 PM,,
MAT89_B3_EXC-NP-SF_3,393756.1185,7614768.91,743.415016,6/26/2019,2:35:10 PM,,
MAT89_B3_EXC-NP-SF_4,393760.6791,7614766.912,743.467533,6/26/2019,2:35:28 PM,,
MAT89_B3_EXTRA3_1,393757.5728,7614790.194,742.179343,6/26/2019,2:35:07 PM,,
MAT89_B3_EXTRA3_2,393762.2198,7614787.991,742.479531,6/26/2019,2:35:25 PM,,
MAT89_B3_EXTRA3_3,393749.0171,7614772.031,743.457187,6/26/2019,2:34:17 PM,,
MAT89_B3_EXTRA3_4,393754.1577,7614769.773,743.322938,6/26/2019,2:34:41 PM,,
MAT89_B3_GH-CT_1,393764.6838,7614768.086,743.284181,6/26/2019,2:38:18 PM,,
MAT89_B3_GH-CT_2,393766.9924,7614767.067,743.302857,6/26/2019,2:38:36 PM,,
MAT89_B3_GH-CT_3,393766.5836,7614772.551,743.034689,6/26/2019,2:39:05 PM,,
MAT89_B3_GH-CT_4,393768.9516,7614771.568,743.047372,6/26/2019,2:39:28 PM,,
MAT89_B3_GH-NP_1,393770.7863,7614781.55,742.441155,6/26/2019,2:38:09 PM,,
MAT89_B3_GH-NP_2,393773.0906,7614780.51,742.617697,6/26/2019,2:37:45 PM,,
MAT89_B3_GH-NP_3,393768.7306,7614777.038,742.717303,6/26/2019,2:38:31 PM,,
MAT89_B3_GH-NP_4,393771.0262,7614775.984,743.013179,6/26/2019,2:39:04 PM,,
MAT89_B3_LIME_1,393750.8889,7614798.039,741.986731,6/26/2019,2:32:45 PM,,
MAT89_B3_LIME_4,393746.183,7614799.422,741.837824,6/26/2019,2:33:57 PM,,
MAT89_B3_LIME-SULFUR_5,393749.4357,7614808.9,741.837824,6/26/2020,,,
MAT89_B3_LIME-SULFUR_6,393754.1347,7614807.233,742.185017,6/26/2021,,,
MAT89_B3_N_1,393751.3516,7614792.723,742.185017,6/26/2019,2:34:29 PM,,
MAT89_B3_N_2,393755.8599,7614790.811,742.262598,6/26/2019,2:34:45 PM,,
MAT89_B3_N_3,393743.0957,7614774.467,743.21445,6/26/2019,2:33:31 PM,,
MAT89_B3_N_4,393746.8924,7614772.969,743.398812,6/26/2019,2:33:49 PM,,
MAT89_B3_NP_1,393789.3335,7614775.889,742.611018,6/26/2019,2:44:35 PM,,
MAT89_B3_NP_2,393794.29,7614774.116,742.81855,6/26/2019,2:44:55 PM,,
MAT89_B3_NP_3,393781.5963,7614757.694,743.979921,6/26/2019,2:44:53 PM,,
MAT89_B3_NP_4,393786.4141,7614755.745,743.873029,6/26/2019,2:45:16 PM,,
MAT89_B3_P_1,393796.0837,7614773.049,742.86602,6/26/2019,2:50:19 PM,,
MAT89_B3_P_2,393800.7435,7614771.299,742.960252,6/26/2019,2:50:43 PM,,
MAT89_B3_P_3,393788.1898,7614754.968,743.819042,6/26/2019,2:49:09 PM,,
MAT89_B3_P_4,393792.6363,7614753.194,743.950498,6/26/2019,2:49:35 PM,,
MAT89_B3_SH-CT_1,393796.9685,7614753.594,744.0957,6/26/2019,2:51:00 PM,,
MAT89_B3_SH-CT_2,393799.311,7614752.681,744.010519,6/26/2019,2:51:44 PM,,
MAT89_B3_SH-CT_3,393801.2162,7614757.199,743.77929,6/26/2019,2:52:00 PM,,
MAT89_B3_SH-CT_4,393798.9037,7614758.143,743.771961,6/26/2019,2:52:15 PM,,
MAT89_B3_SH-NP_1,393802.6571,7614767.665,743.063555,6/26/2019,2:51:31 PM,,
MAT89_B3_SH-NP_2,393804.9103,7614766.613,743.242311,6/26/2019,2:52:47 PM,,
MAT89_B3_SH-NP_3,393800.7119,7614763.102,743.434667,6/26/2019,2:51:51 PM,,
MAT89_B3_SH-NP_4,393802.9991,7614762.137,743.671719,6/26/2019,2:52:06 PM,,
MAT89_B3_SULFUR_2,393757.4393,7614816.777,740.776881,6/26/2019,2:33:12 PM,,
MAT89_B3_SULFUR_3,393752.7131,7614818.221,740.637023,6/26/2019,2:33:25 PM,,
MAT89_B4_CT1_1,393788.8028,7614738.635,745.038859,6/26/2019,2:14:28 PM,,
MAT89_B4_CT1_2,393784.4667,7614740.703,744.791588,6/26/2019,2:14:42 PM,,
MAT89_B4_CT1_3,393780.5549,7614720.424,746.486336,6/26/2019,2:14:14 PM,,
MAT89_B4_CT1_4,393775.8638,7614722.601,746.488522,6/26/2019,2:14:36 PM,,
MAT89_B4_CT2_1,393795.2374,7614735.675,745.236434,6/26/2019,2:12:53 PM,,
MAT89_B4_CT2_2,393790.6533,7614737.738,745.100905,6/26/2019,2:13:48 PM,,
MAT89_B4_CT2_3,393786.9218,7614717.42,746.635336,6/26/2019,2:12:52 PM,,
MAT89_B4_CT2_4,393782.4118,7614719.566,746.401758,6/26/2019,2:13:45 PM,,
MAT89_B4_EXC-CT-LF_1,393752.9294,7614744.079,745.050493,6/26/2019,2:24:45 PM,,
MAT89_B4_EXC-CT-LF_2,393748.4904,7614746.467,744.82244,6/26/2019,2:25:16 PM,,
MAT89_B4_EXC-CT-MF_5,393750.6171,7614740.064,744.82244,6/26/2020,,,
MAT89_B4_EXC-CT-MF_6,393746.5292,7614742.096,744.237429,6/26/2021,,,
MAT89_B4_EXC-CT-NF_1,393757.1744,7614753.221,744.237429,6/26/2019,2:23:40 PM,,
MAT89_B4_EXC-CT-NF_2,393752.7227,7614755.379,744.29218,6/26/2019,2:24:09 PM,,
MAT89_B4_EXC-CT-SF_3,393748.6643,7614735.109,745.661787,6/26/2019,2:24:07 PM,,
MAT89_B4_EXC-CT-SF_4,393744.3147,7614737.339,745.542248,6/26/2019,2:24:25 PM,,
MAT89_B4_EXC-NP-LF_3,393754.7639,7614743.344,745.091095,6/26/2019,2:22:48 PM,,
MAT89_B4_EXC-NP-LF_4,393759.3792,7614741.149,745.240126,6/26/2019,2:23:10 PM,,
MAT89_B4_EXC-NP-MF_5,393756.93,7614747.774,745.240126,6/26/2020,,,
MAT89_B4_EXC-NP-MF_6,393761.2031,7614745.558,745.910468,6/26/2021,,,
MAT89_B4_EXC-NP-NF_3,393755.1524,7614732.3,745.910468,6/26/2019,2:21:16 PM,,
MAT89_B4_EXC-NP-NF_4,393750.7198,7614734.249,745.825896,6/26/2019,2:21:38 PM,,
MAT89_B4_EXC-NP-SF_1,393763.6668,7614750.526,744.284856,6/26/2019,2:21:18 PM,,
MAT89_B4_EXC-NP-SF_2,393758.8086,7614753.004,744.174131,6/26/2019,2:21:37 PM,,
MAT89_B4_EXTRA_1,393776.0832,7614744.522,744.674173,6/26/2019,2:18:04 PM,,
MAT89_B4_EXTRA_2,393771.7849,7614746.512,744.496676,6/26/2019,2:18:25 PM,,
MAT89_B4_EXTRA_3,393767.712,7614726.32,746.167221,6/26/2019,2:17:58 PM,,
MAT89_B4_EXTRA_4,393763.3038,7614728.397,746.176944,6/26/2019,2:18:18 PM,,
MAT89_B4_GH_OUT_1,393769.8469,7614747.353,744.447502,6/26/2019,2:18:55 PM,,
MAT89_B4_GH_OUT_2,393765.1835,7614749.387,744.350695,6/26/2019,2:19:09 PM,,
MAT89_B4_GH_OUT_3,393761.5385,7614729.299,746.052222,6/26/2019,2:18:59 PM,,
MAT89_B4_GH_OUT_4,393756.8825,7614731.332,746.056505,6/26/2019,2:19:17 PM,,
MAT89_B4_GH-CT_1,393761.6731,7614732.623,745.736022,6/26/2019,2:19:45 PM,,
MAT89_B4_GH-CT_2,393763.5094,7614737.265,745.179374,6/26/2019,2:20:06 PM,,
MAT89_B4_GH-CT_3,393761.1208,7614738.264,745.06399,6/26/2019,2:20:26 PM,,
MAT89_B4_GH-CT_4,393759.4291,7614733.691,745.691009,6/26/2019,2:20:44 PM,,
MAT89_B4_GH-NP_1,393767.4695,7614745.699,744.836806,6/26/2019,2:19:41 PM,,
MAT89_B4_GH-NP_2,393765.1307,7614746.772,744.66429,6/26/2019,2:19:58 PM,,
MAT89_B4_GH-NP_3,393765.3178,7614741.199,745.103472,6/26/2019,2:20:33 PM,,
MAT89_B4_GH-NP_4,393763.2076,7614742.254,744.925918,6/26/2019,2:20:17 PM,,
MAT89_B4_LIME_3,393738.4153,7614708.594,747.948616,6/26/2019,2:27:51 PM,,
MAT89_B4_LIME_4,393742.9722,7614706.819,748.123643,6/26/2019,2:28:12 PM,,
MAT89_B4_LIME-SULFUR_5,393746.8523,7614716.64,748.123643,6/26/2020,,,
MAT89_B4_LIME-SULFUR_6,393742.2644,7614718.418,745.276953,6/26/2021,,,
MAT89_B4_N_1,393807.9107,7614729.819,745.276953,6/26/2019,2:10:12 PM,,
MAT89_B4_N_2,393803.5198,7614731.854,745.207418,6/26/2019,2:11:26 PM,,
MAT89_B4_N_3,393799.5543,7614711.746,746.826038,6/26/2019,2:10:53 PM,,
MAT89_B4_N_4,393795.0106,7614713.773,746.690997,6/26/2019,2:11:26 PM,,
MAT89_B4_NP_1,393750.9307,7614756.239,744.12446,6/26/2019,2:25:54 PM,,
MAT89_B4_NP_2,393745.8032,7614758.386,744.09353,6/26/2019,2:26:13 PM,,
MAT89_B4_NP_3,393742.5157,7614738.08,745.632102,6/26/2019,2:25:06 PM,,
MAT89_B4_NP_4,393737.8488,7614740.227,745.47101,6/26/2019,2:25:43 PM,,
MAT89_B4_P_1,393801.657,7614732.835,745.330462,6/26/2019,2:12:02 PM,,
MAT89_B4_P_2,393797.2141,7614734.813,745.256981,6/26/2019,2:12:23 PM,,
MAT89_B4_P_3,393793.3568,7614714.725,746.468511,6/26/2019,2:11:59 PM,,
MAT89_B4_P_4,393788.7289,7614716.622,746.568917,6/26/2019,2:12:19 PM,,
MAT89_B4_SH_OUT_1,393782.5806,7614741.61,744.80045,6/26/2019,2:15:22 PM,,
MAT89_B4_SH_OUT_2,393778.1043,7614743.536,744.745132,6/26/2019,2:15:38 PM,,
MAT89_B4_SH_OUT_3,393774.19,7614723.298,746.409265,6/26/2019,2:15:09 PM,,
MAT89_B4_SH_OUT_4,393769.5918,7614725.329,746.195674,6/26/2019,2:15:33 PM,,
MAT89_B4_SH-CT_1,393774.3858,7614726.497,746.119373,6/26/2019,2:16:06 PM,,
MAT89_B4_SH-CT_2,393776.559,7614731.02,745.75302,6/26/2019,2:16:27 PM,,
MAT89_B4_SH-CT_3,393774.1553,7614731.924,745.742915,6/26/2019,2:16:48 PM,,
MAT89_B4_SH-CT_4,393772.1046,7614727.534,746.039467,6/26/2019,2:17:09 PM,,
MAT89_B4_SH-NP_1,393780.3677,7614739.409,745.139212,6/26/2019,2:16:14 PM,,
MAT89_B4_SH-NP_2,393777.9721,7614740.332,745.041153,6/26/2019,2:16:30 PM,,
MAT89_B4_SH-NP_3,393778.3289,7614734.977,745.605626,6/26/2019,2:17:07 PM,,
MAT89_B4_SH-NP_4,393775.9975,7614735.866,745.480135,6/26/2019,2:17:21 PM,,
MAT89_B4_SULFUR_1,393750.1444,7614725.317,746.678957,6/26/2019,2:26:51 PM,,
MAT89_B4_SULFUR_2,393745.5104,7614727.071,746.456357,6/26/2019,2:27:10 PM,,
MNN89_B1_CT_1,392686.7733,7615881.774,742.331703,7/4/2019,2:10:35 PM,,
MNN89_B1_CT_2,392685.6413,7615877.042,742.476233,7/4/2019,2:10:51 PM,,
MNN89_B1_CT_3,392706.3425,7615877.4,741.447998,7/4/2019,2:11:31 PM,,
MNN89_B1_CT_4,392705.1115,7615872.512,741.377817,7/4/2019,2:11:52 PM,,
MNN89_B1_EXTRA1_1,392683.9803,7615868.128,742.690732,7/4/2019,2:14:12 PM,,
MNN89_B1_EXTRA1_2,392682.6605,7615863.238,742.769315,7/4/2019,2:14:31 PM,,
MNN89_B1_EXTRA1_3,392702.0237,7615858.739,741.167932,7/4/2019,2:15:02 PM,,
MNN89_B1_EXTRA1_4,392703.0813,7615863.656,741.468887,7/4/2019,2:15:20 PM,,
MNN89_B1_EXTRA2_1,392709.788,7615892.908,741.436432,7/4/2019,2:06:04 PM,,
MNN89_B1_EXTRA2_2,392710.9198,7615897.414,741.468615,7/4/2019,2:06:19 PM,,
MNN89_B1_EXTRA2_3,392690.2723,7615897.071,742.006615,7/4/2019,2:06:57 PM,,
MNN89_B1_EXTRA2_4,392691.722,7615902.201,741.8334,7/4/2019,2:07:13 PM,,
MNN89_B1_N_1,392689.8837,7615894.924,741.993615,7/4/2019,2:07:36 PM,,
MNN89_B1_N_2,392688.7087,7615890.581,742.264268,7/4/2019,2:07:53 PM,,
MNN89_B1_N_3,392708.2509,7615886.127,741.346651,7/4/2019,2:08:23 PM,,
MNN89_B1_N_4,392709.382,7615890.974,741.40817,7/4/2019,2:08:50 PM,,
MNN89_B1_NP_1,392707.8009,7615884.108,741.511138,7/4/2019,2:09:08 PM,,
MNN89_B1_NP_2,392706.6481,7615879.249,741.452893,7/4/2019,2:09:27 PM,,
MNN89_B1_NP_3,392687.1707,7615883.633,742.372591,7/4/2019,2:09:54 PM,,
MNN89_B1_NP_4,392688.2863,7615888.634,742.300859,7/4/2019,2:10:15 PM,,
MNN89_B1_P_1,392704.6412,7615870.494,741.334741,7/4/2019,2:12:17 PM,,
MNN89_B1_P_2,392703.5662,7615865.65,741.454445,7/4/2019,2:12:40 PM,,
MNN89_B1_P_3,392685.2966,7615874.944,742.4765,7/4/2019,2:13:14 PM,,
MNN89_B1_P_4,392684.4708,7615869.879,742.67233,7/4/2019,2:13:29 PM,,
MNN89_B2_CT_1,392706.8958,7615826.923,739.849516,7/4/2019,2:22:02 PM,,
MNN89_B2_CT_2,392706.3603,7615822.091,739.872135,7/4/2019,2:22:16 PM,,
MNN89_B2_CT_3,392726.8506,7615825.512,738.635977,7/4/2019,2:22:49 PM,,
MNN89_B2_CT_4,392726.4222,7615820.476,738.630763,7/4/2019,2:23:04 PM,,
MNN89_B2_EXTRA1_1,392708.0284,7615840.737,740.491826,7/4/2019,2:19:06 PM,,
MNN89_B2_EXTRA1_2,392707.6548,7615835.91,740.193158,7/4/2019,2:19:21 PM,,
MNN89_B2_EXTRA1_3,392727.7873,7615839.541,739.275627,7/4/2019,2:19:57 PM,,
MNN89_B2_EXTRA1_4,392727.586,7615834.422,739.029845,7/4/2019,2:20:13 PM,,
MNN89_B2_EXTRA2_1,392727.3355,7615832.433,738.847694,7/4/2019,2:20:25 PM,,
MNN89_B2_EXTRA2_2,392727.0628,7615827.452,738.663563,7/4/2019,2:20:42 PM,,
MNN89_B2_EXTRA2_3,392707.4185,7615834.082,740.142844,7/4/2019,2:21:23 PM,,
MNN89_B2_EXTRA2_4,392707.0519,7615828.885,740.08263,7/4/2019,2:21:39 PM,,
MNN89_B2_N_1,392726.3135,7615818.439,738.557966,7/4/2019,2:23:16 PM,,
MNN89_B2_N_2,392725.9448,7615813.497,738.334357,7/4/2019,2:23:33 PM,,
MNN89_B2_N_3,392705.8977,7615815.053,739.823781,7/4/2019,2:24:03 PM,,
MNN89_B2_N_4,392706.2645,7615819.993,739.923519,7/4/2019,2:24:25 PM,,
MNN89_B2_NP_1,392728.6427,7615846.563,739.515107,7/4/2019,2:17:42 PM,,
MNN89_B2_NP_2,392728.1654,7615841.441,739.266811,7/4/2019,2:18:00 PM,,
MNN89_B2_NP_3,392708.5473,7615847.936,740.567784,7/4/2019,2:18:38 PM,,
MNN89_B2_NP_4,392707.9695,7615842.867,740.505549,7/4/2019,2:18:53 PM,,
MNN89_B2_P_1,392709.0138,7615854.44,740.764975,7/4/2019,2:16:22 PM,,
MNN89_B2_P_2,392708.7086,7615849.867,740.717355,7/4/2019,2:16:39 PM,,
MNN89_B2_P_3,392728.5408,7615853.276,739.784316,7/4/2019,2:17:13 PM,,
MNN89_B2_P_4,392728.5795,7615848.401,739.575597,7/4/2019,2:17:29 PM,,
MNN89_B3_CT_1,392793.7159,7615858.064,737.243866,7/4/2019,2:31:41 PM,,
MNN89_B3_CT_2,392798.3816,7615857.286,737.137251,7/4/2019,2:31:57 PM,,
MNN89_B3_CT_3,392793.3619,7615837.727,735.915187,7/4/2019,2:32:27 PM,,
MNN89_B3_CT_4,392788.5265,7615838.904,736.088386,7/4/2019,2:32:46 PM,,
MNN89_B3_EXTRA1_1,392807.1499,7615854.996,736.691912,7/4/2019,2:34:25 PM,,
MNN89_B3_EXTRA1_2,392811.8757,7615853.747,736.491533,7/4/2019,2:34:44 PM,,
MNN89_B3_EXTRA1_3,392802.0011,7615835.438,735.37566,7/4/2019,2:35:25 PM,,
MNN89_B3_EXTRA1_4,392806.8469,7615834.261,735.280598,7/4/2019,2:35:43 PM,,
MNN89_B3_EXTRA2_1,392795.3103,7615837.238,735.908112,7/4/2019,2:33:10 PM,,
MNN89_B3_EXTRA2_2,392800.3093,7615835.798,735.490445,7/4/2019,2:33:27 PM,,
MNN89_B3_EXTRA2_3,392805.2969,7615855.513,736.714305,7/4/2019,2:33:53 PM,,
MNN89_B3_EXTRA2_4,392800.4316,7615856.915,737.075667,7/4/2019,2:34:07 PM,,
MNN89_B3_N_1,392781.8517,7615840.737,736.520179,7/4/2019,2:30:20 PM,,
MNN89_B3_N_2,392786.6757,7615839.43,736.149326,7/4/2019,2:30:36 PM,,
MNN89_B3_N_3,392791.6282,7615858.818,737.404844,7/4/2019,2:31:04 PM,,
MNN89_B3_N_4,392786.7877,7615860.225,737.630088,7/4/2019,2:31:21 PM,,
MNN89_B3_NP_1,392779.8092,7615861.737,738.03739,7/4/2019,2:28:25 PM,,
MNN89_B3_NP_2,392785.0968,7615860.357,737.696022,7/4/2019,2:29:14 PM,,
MNN89_B3_NP_3,392774.9149,7615842.424,736.866968,7/4/2019,2:29:49 PM,,
MNN89_B3_NP_4,392779.9143,7615841.257,736.669231,7/4/2019,2:30:06 PM,,
MNN89_B3_P_1,392773.1395,7615842.789,737.020901,7/4/2019,2:26:56 PM,,
MNN89_B3_P_2,392768.2925,7615844.147,737.287727,7/4/2019,2:27:12 PM,,
MNN89_B3_P_3,392773.1623,7615863.603,738.219741,7/4/2019,2:27:58 PM,,
MNN89_B3_P_4,392778.1347,7615862.3,738.008733,7/4/2019,2:28:13 PM,,
MNT89_B1_CT_01,392540.9126,7615884.739,747.799065,7/4/2019,2:00:01 PM,,
MNT89_B1_CT_02,392536.5701,7615886.942,747.71008,7/4/2019,2:00:21 PM,,
MNT89_B1_CT_03,392545.2494,7615904.85,746.52316,7/4/2019,2:00:51 PM,,
MNT89_B1_CT_04,392549.7524,7615902.664,746.647061,7/4/2019,2:01:11 PM,,
MNT89_B1_GH-NP_1,392579.1983,7615884.43,746.892905,7/4/2019,1:51:33 PM,,
MNT89_B1_GH-NP_2,392576.7294,7615880.158,747.249154,7/4/2019,1:51:50 PM,,
MNT89_B1_GH-NP_3,392574.5205,7615881.382,747.314307,7/4/2019,1:52:05 PM,,
MNT89_B1_GH-NP_4,392576.9264,7615885.631,746.971702,7/4/2019,1:52:29 PM,,
MNT89_B1_GH-CT_1,392573.2442,7615878.561,747.521745,7/4/2019,1:52:55 PM,,
MNT89_B1_GH-CT_2,392575.6869,7615877.77,747.412895,7/4/2019,1:53:11 PM,,
MNT89_B1_GH-CT_3,392573.9792,7615873.085,747.664779,7/4/2019,1:53:28 PM,,
MNT89_B1_GH-CT_4,392571.558,7615873.912,747.792208,7/4/2019,1:53:44 PM,,
MNT89_B1_LIME_1,392553.4894,7615878.548,747.893523,7/4/2019,1:57:00 PM,,
MNT89_B1_LIME_2,392548.9814,7615880.772,747.915587,7/4/2019,1:57:13 PM,,
MNT89_B1_LIME-SULFUR_5,392553.3154,7615889.608,747.915587,7/4/2020,,,
MNT89_B1_LIME-SULFUR_6,392557.935,7615887.481,746.803461,7/4/2021,,,
MNT89_B1_N_1,392568.5725,7615893.194,746.803461,7/4/2019,1:55:45 PM,,
MNT89_B1_N_2,392564.1004,7615895.412,746.795661,7/4/2019,1:56:02 PM,,
MNT89_B1_N_3,392555.174,7615877.68,747.964828,7/4/2019,1:56:29 PM,,
MNT89_B1_N_4,392559.7083,7615875.35,747.994271,7/4/2019,1:56:43 PM,,
MNT89_B1_NP_1,392556.0079,7615899.441,746.691041,7/4/2019,1:58:35 PM,,
MNT89_B1_NP_2,392551.6793,7615901.687,746.614541,7/4/2019,1:58:52 PM,,
MNT89_B1_NP_3,392542.5489,7615883.965,747.81517,7/4/2019,1:59:24 PM,,
MNT89_B1_NP_4,392547.7164,7615881.536,747.930566,7/4/2019,1:59:40 PM,,
MNT89_B1_P_1,392565.9323,7615872.419,747.970573,7/4/2019,1:54:04 PM,,
MNT89_B1_P_2,392561.5359,7615874.476,748.032577,7/4/2019,1:54:19 PM,,
MNT89_B1_P_3,392570.3826,7615892.376,746.980029,7/4/2019,1:54:50 PM,,
MNT89_B1_P_4,392574.8288,7615890.192,746.828571,7/4/2019,1:55:06 PM,,
MNT89_B1_SULFUR_4,392562.3036,7615896.414,746.701506,7/4/2019,1:57:57 PM,,
MNT89_B1_SULFUR_5,392557.8004,7615898.635,746.620458,7/4/2019,1:57:40 PM,,
MNT89_B2_CT_1,392557.3314,7615966.434,740.558943,7/4/2019,1:30:42 PM,,
MNT89_B2_CT_2,392555.0084,7615970.681,740.233866,7/4/2019,1:31:29 PM,,
MNT89_B2_CT_3,392538.0333,7615959.234,742.081387,7/4/2019,1:32:19 PM,,
MNT89_B2_CT_4,392541.0051,7615954.711,742.460225,7/4/2019,1:32:44 PM,,
MNT89_B2_GH-NP_1,392547.7268,7615969.403,740.632699,7/4/2019,1:35:42 PM,,
MNT89_B2_GH-NP_2,392546.1759,7615971.376,740.443366,7/4/2019,1:35:59 PM,,
MNT89_B2_GH-NP_3,392550.2135,7615974.347,739.92899,7/4/2019,1:36:31 PM,,
MNT89_B2_GH-NP_4,392551.7117,7615972.312,740.073638,7/4/2019,1:36:47 PM,,
MNT89_B2_GH-CT_1,392537.541,7615962.175,741.638622,7/4/2019,1:33:30 PM,,
MNT89_B2_GH-CT_2,392536.1098,7615964.276,741.471355,7/4/2019,1:33:49 PM,,
MNT89_B2_GH-CT_3,392540.1449,7615967.072,741.070903,7/4/2019,1:34:41 PM,,
MNT89_B2_GH-CT_4,392541.5604,7615964.912,741.271236,7/4/2019,1:34:57 PM,,
MNT89_B2_LIME_3,392546.3137,7615947.485,742.972375,7/4/2019,1:26:59 PM,,
MNT89_B2_LIME_4,392549.2769,7615943.453,743.381397,7/4/2019,1:27:29 PM,,
MNT89_B2_LIME-SULFUR_5,392554.5421,7615953.077,743.381397,7/4/2020,,,
MNT89_B2_LIME-SULFUR_6,392557.6113,7615949.346,742.022415,7/4/2021,,,
MNT89_B2_N_1,392573.6849,7615943.779,742.022415,7/4/2019,1:21:02 PM,,
MNT89_B2_N_2,392570.768,7615948.096,741.790814,7/4/2019,1:21:38 PM,,
MNT89_B2_N_3,392554.6217,7615936.19,743.838595,7/4/2019,1:22:23 PM,,
MNT89_B2_N_4,392557.4842,7615932.128,744.167479,7/4/2019,1:22:47 PM,,
MNT89_B2_NP_1,392545.217,7615949.104,742.753334,7/4/2019,1:27:59 PM,,
MNT89_B2_NP_2,392542.3172,7615953.106,742.604229,7/4/2019,1:28:23 PM,,
MNT89_B2_NP_3,392558.5357,7615964.872,740.759734,7/4/2019,1:28:54 PM,,
MNT89_B2_NP_4,392561.2606,7615960.888,740.907527,7/4/2019,1:29:57 PM,,
MNT89_B2_P_1,392553.4665,7615937.835,743.642661,7/4/2019,1:24:03 PM,,
MNT89_B2_P_2,392550.5037,7615941.809,743.384614,7/4/2019,1:24:21 PM,,
MNT89_B2_P_3,392566.7187,7615953.469,741.351728,7/4/2019,1:24:59 PM,,
MNT89_B2_P_4,392569.7121,7615949.412,741.714067,7/4/2019,1:25:20 PM,,
MNT89_B2_SULFUR_1,392565.4575,7615955.146,741.237678,7/4/2019,1:26:07 PM,,
MNT89_B2_SULFUR_2,392562.5804,7615959.13,741.034994,7/4/2019,1:26:25 PM,,
MNT89_B3_CT_1,392594.6006,7615929.209,742.424003,7/4/2019,1:43:14 PM,,
MNT89_B3_CT_2,392599.0021,7615926.443,742.531156,7/4/2019,1:43:37 PM,,
MNT89_B3_CT_3,392583.7105,7615912.479,744.687766,7/4/2019,1:44:16 PM,,
MNT89_B3_CT_4,392587.8461,7615909.795,744.599753,7/4/2019,1:44:31 PM,,
MNT89_B3_LIME_1,392577.9412,7615916.498,744.607104,7/4/2019,1:41:23 PM,,
MNT89_B3_LIME_2,392582.0458,7615913.671,744.687475,7/4/2019,1:41:44 PM,,
MNT89_B3_LIME-SULFUR_5,392583.3881,7615924.615,744.687475,7/4/2020,,,
MNT89_B3_LIME-SULFUR_6,392587.7378,7615921.98,742.167932,7/4/2021,,,
MNT89_B3_N_1,392576.3044,7615940.69,742.167932,7/4/2019,1:39:39 PM,,
MNT89_B3_N_2,392580.7576,7615938.676,742.301887,7/4/2019,1:39:57 PM,,
MNT89_B3_N_3,392572.6817,7615920.48,744.59182,7/4/2019,1:40:30 PM,,
MNT89_B3_N_4,392568.0135,7615922.677,744.465115,7/4/2019,1:40:49 PM,,
MNT89_B3_NP_1,392589.711,7615908.7,744.718074,7/4/2019,1:44:54 PM,,
MNT89_B3_NP_2,392593.7534,7615905.959,744.654965,7/4/2019,1:45:13 PM,,
MNT89_B3_NP_3,392604.7,7615922.55,742.794428,7/4/2019,1:45:54 PM,,
MNT89_B3_NP_4,392600.4703,7615925.357,742.55329,7/4/2019,1:46:12 PM,,
MNT89_B3_P_1,392606.397,7615921.483,742.790671,7/4/2019,1:46:30 PM,,
MNT89_B3_P_2,392610.603,7615918.709,742.796071,7/4/2019,1:46:46 PM,,
MNT89_B3_P_3,392599.5602,7615902.139,744.767671,7/4/2019,1:47:16 PM,,
MNT89_B3_P_4,392595.1501,7615905.214,744.629921,7/4/2019,1:48:34 PM,,
MNT89_B3_SULFUR_3,392593.0074,7615930.294,742.230784,7/4/2019,1:42:16 PM,,
MNT89_B3_SULFUR_4,392588.8271,7615933.04,742.182741,7/4/2019,1:42:35 PM,,
SHB89_B1_CT1_1,395637.4704,7616250.385,739.89317,6/25/2019,2:58:00 PM,,
SHB89_B1_CT1_2,395638.4633,7616245.779,739.791681,6/25/2019,2:58:34 PM,,
SHB89_B1_CT1_3,395642.3572,7616251.139,740.144906,6/25/2019,2:57:46 PM,,
SHB89_B1_CT1_4,395642.9572,7616246.368,739.946606,6/25/2019,2:58:21 PM,,
SHB89_B1_CT2_1,395620.7457,7616269.046,739.512967,6/25/2019,2:55:12 PM,,
SHB89_B1_CT2_2,395625.0259,7616266.642,739.467258,6/25/2019,2:55:35 PM,,
SHB89_B1_CT2_3,395625.5823,7616277.809,739.227265,6/25/2019,2:55:27 PM,,
SHB89_B1_CT2_4,395629.8883,7616275.24,739.353677,6/25/2019,2:55:45 PM,,
SHB89_B1_GH-CT_1,395638.5598,7616245.091,739.800623,6/25/2019,2:59:18 PM,,
SHB89_B1_GH-CT_2,395639.2141,7616240.152,739.689397,6/25/2019,3:00:20 PM,,
SHB89_B1_GH-CT_3,395641.0306,7616245.484,739.969192,6/25/2019,2:58:50 PM,,
SHB89_B1_GH-CT_4,395641.8042,7616240.687,740.000534,6/25/2019,2:59:08 PM,,
SHB89_B1_GH-NP_1,395640.2615,7616233.145,739.817788,6/25/2019,3:01:17 PM,,
SHB89_B1_GH-NP_2,395641.3732,7616228.388,739.966509,6/25/2019,3:01:33 PM,,
SHB89_B1_GH-NP_3,395642.7931,7616233.728,739.954348,6/25/2019,2:59:59 PM,,
SHB89_B1_GH-NP_4,395643.9319,7616228.902,739.691231,6/25/2019,3:00:16 PM,,
SHB89_B1_N_1,395615.2785,7616271.954,739.157236,6/25/2019,2:53:51 PM,,
SHB89_B1_N_2,395619.7019,7616269.588,739.471377,6/25/2019,2:54:34 PM,,
SHB89_B1_N_3,395620.7664,7616280.655,739.075351,6/25/2019,2:54:24 PM,,
SHB89_B1_N_4,395624.853,7616278.267,739.171113,6/25/2019,2:54:58 PM,,
SHB89_B1_NP_1,395600.052,7616281.221,737.920676,6/25/2019,2:47:41 PM,,
SHB89_B1_NP_2,395604.203,7616278.674,738.56594,6/25/2019,2:48:11 PM,,
SHB89_B1_NP_3,395605.1409,7616289.923,737.953591,6/25/2019,2:36:59 PM,,
SHB89_B1_NP_4,395609.5759,7616287.428,738.290064,6/25/2019,2:37:26 PM,,
SHB89_B1_P_1,395605.1826,7616278.042,738.625678,6/25/2019,2:48:45 PM,,
SHB89_B1_P_2,395609.4308,7616275.691,738.919895,6/25/2019,2:49:09 PM,,
SHB89_B1_P_3,395610.3821,7616287.042,738.283271,6/25/2019,2:38:18 PM,,
SHB89_B1_P_4,395614.545,7616284.49,738.718665,6/25/2019,2:38:44 PM,,
SHB89_B1_SH_1,395616.1734,7616277.612,739.08815,6/25/2019,2:51:55 PM,,
SHB89_B1_SH_2,395613.991,7616278.641,738.947246,6/25/2019,2:52:43 PM,,
SHB89_B1_SH_3,395616.108,7616283.183,738.821274,6/25/2019,2:53:41 PM,,
SHB89_B1_SH_4,395618.3171,7616282.133,738.974966,6/25/2019,2:53:10 PM,,
SHB89_B2_CT1_1,394836.8582,7615941.678,720.618577,6/25/2019,3:23:38 PM,,
SHB89_B2_CT1_2,394832.0448,7615940.525,720.504467,6/25/2019,3:24:25 PM,,
SHB89_B2_CT1_3,394839.6087,7615932.062,720.429157,6/25/2019,3:23:37 PM,,
SHB89_B2_CT1_4,394834.851,7615930.9,720.578641,6/25/2019,3:23:58 PM,,
SHB89_B2_GH-CT_1,394825.7993,7615943.136,720.47958,6/25/2019,3:26:00 PM,,
SHB89_B2_GH-CT_2,394822.434,7615946.717,720.230696,6/25/2019,3:26:22 PM,,
SHB89_B2_GH-CT_3,394823.9456,7615941.379,720.403065,6/25/2019,3:25:56 PM,,
SHB89_B2_GH-CT_4,394820.5056,7615944.899,720.181191,6/25/2019,3:26:12 PM,,
SHB89_B2_GH-NP_1,394821.6365,7615947.426,720.179168,6/25/2019,3:26:53 PM,,
SHB89_B2_GH-NP_2,394818.0604,7615950.945,719.745576,6/25/2019,3:27:16 PM,,
SHB89_B2_GH-NP_3,394819.841,7615945.663,720.140321,6/25/2019,3:26:31 PM,,
SHB89_B2_GH-NP_4,394816.2714,7615948.948,719.798938,6/25/2019,3:26:56 PM,,
SHB89_B2_N_1,394830.9785,7615940.12,720.62989,6/25/2019,3:24:57 PM,,
SHB89_B2_N_2,394826.6579,7615938.749,720.523794,6/25/2019,3:25:20 PM,,
SHB89_B2_N_3,394833.901,7615930.604,720.521003,6/25/2019,3:24:39 PM,,
SHB89_B2_N_4,394829.0607,7615929.398,720.607752,6/25/2019,3:25:02 PM,,
SHB89_B2_NP_1,394848.387,7615945.145,720.445206,6/25/2019,3:20:29 PM,,
SHB89_B2_NP_2,394843.4416,7615944.361,720.477579,6/25/2019,3:21:02 PM,,
SHB89_B2_NP_3,394851.1272,7615935.473,720.614855,6/25/2019,3:20:43 PM,,
SHB89_B2_NP_4,394846.3865,7615934.039,720.622659,6/25/2019,3:21:05 PM,,
SHB89_B2_P_1,394822.9201,7615950.706,720.170212,6/25/2019,3:28:33 PM,,
SHB89_B2_P_2,394826.6153,7615954.208,719.997835,6/25/2019,3:29:18 PM,,
SHB89_B2_P_3,394816.0958,7615958.191,719.490553,6/25/2019,3:28:05 PM,,
SHB89_B2_P_4,394819.8448,7615961.292,719.487164,6/25/2019,3:28:39 PM,,
SHB89_B2_SH_1,394841.6054,7615942.786,720.510459,6/25/2019,3:22:34 PM,,
SHB89_B2_SH_2,394839.1237,7615942.421,720.599178,6/25/2019,3:23:01 PM,,
SHB89_B2_SH_3,394842.6815,7615937.944,720.638502,6/25/2019,3:22:25 PM,,
SHB89_B2_SH_4,394840.0682,7615937.537,720.6433,6/25/2019,3:22:58 PM,,
WSG89_B1_CT1_1,394191.6564,7614800.078,717.933681,6/26/2019,3:38:16 PM,,
WSG89_B1_CT1_2,394188.9278,7614796.276,717.958147,6/26/2019,3:38:32 PM,,
WSG89_B1_CT1_3,394181.115,7614802.3,717.926315,6/26/2019,3:38:55 PM,,
WSG89_B1_CT1_4,394184.1577,7614806.304,717.933462,6/26/2019,3:39:13 PM,,
WSG89_B1_CT2_1,394163.4279,7614822.114,717.780193,6/26/2019,3:48:44 PM,,
WSG89_B1_CT2_2,394160.4107,7614818.133,717.959636,6/26/2019,3:49:00 PM,,
WSG89_B1_CT2_3,394168.3865,7614812.059,718.024331,6/26/2019,3:49:17 PM,,
WSG89_B1_CT2_4,394171.3601,7614816.067,717.881539,6/26/2019,3:49:30 PM,,
WSG89_B1_EXTRA1_1,394173.969,7614814.257,717.881539,6/26/2020,,,
WSG89_B1_EXTRA1_2,394170.8012,7614810.23,718.023025,6/26/2019,3:44:33 PM,,
WSG89_B1_EXTRA1_3,394178.6522,7614804.196,717.936353,6/26/2019,3:44:56 PM,,
WSG89_B1_EXTRA1_4,394181.6843,7614808.167,718.063734,6/26/2019,3:45:21 PM,,
WSG89_B1_EXTRA2_1,394166.5025,7614809.711,717.914549,6/26/2019,3:50:27 PM,,
WSG89_B1_EXTRA2_2,394163.4721,7614805.735,717.913296,6/26/2019,3:50:42 PM,,
WSG89_B1_EXTRA2_3,394155.5734,7614811.74,717.947654,6/26/2019,3:51:02 PM,,
WSG89_B1_EXTRA2_4,394158.6292,7614815.721,718.067514,6/26/2019,3:51:18 PM,,
WSG89_B1_EXTRA3_1,394173.1633,7614818.416,717.965923,6/26/2019,3:47:16 PM,,
WSG89_B1_EXTRA3_2,394176.3591,7614822.464,717.988685,6/26/2019,3:47:33 PM,,
WSG89_B1_EXTRA3_3,394168.415,7614828.472,717.786578,6/26/2019,3:47:52 PM,,
WSG89_B1_EXTRA3_4,394165.2,7614824.385,717.69158,6/26/2019,3:48:08 PM,,
WSG89_B1_GH-CT_1,394160.3453,7614820.907,717.914949,6/26/2019,3:51:50 PM,,
WSG89_B1_GH-CT_2,394162.1976,7614822.699,717.829431,6/26/2019,3:52:06 PM,,
WSG89_B1_GH-CT_3,394158.6182,7614826.123,717.841963,6/26/2019,3:52:23 PM,,
WSG89_B1_GH-CT_4,394156.8264,7614824.324,717.829768,6/26/2019,3:52:35 PM,,
WSG89_B1_GH-NP_1,394152.7403,7614827.617,717.79697,6/26/2019,3:52:59 PM,,
WSG89_B1_GH-NP_2,394150.9196,7614825.954,717.864804,6/26/2019,3:53:11 PM,,
WSG89_B1_GH-NP_3,394147.6579,7614829.635,717.921789,6/26/2019,3:53:24 PM,,
WSG89_B1_GH-NP_4,394149.5272,7614831.366,717.868848,6/26/2019,3:53:46 PM,,
WSG89_B1_N_1,394154.9607,7614832.418,717.567326,6/26/2019,3:54:28 PM,,
WSG89_B1_N_2,394158.0444,7614836.334,717.947233,6/26/2019,3:54:43 PM,,
WSG89_B1_N_3,394165.9471,7614830.299,717.842173,6/26/2019,3:55:08 PM,,
WSG89_B1_N_4,394162.7647,7614826.275,717.587947,6/26/2019,3:55:27 PM,,
WSG89_B1_NP_1,394183.5564,7614810.587,717.928386,6/26/2019,3:45:47 PM,,
WSG89_B1_NP_2,394186.6471,7614814.524,717.932346,6/26/2019,3:46:04 PM,,
WSG89_B1_NP_3,394178.7892,7614820.617,717.945003,6/26/2019,3:46:22 PM,,
WSG89_B1_NP_4,394175.6391,7614816.568,717.868232,6/26/2019,3:46:39 PM,,
WSG89_B1_P_1,394186.0261,7614808.701,718.024594,6/26/2019,3:35:34 PM,,
WSG89_B1_P_2,394189.1136,7614812.579,717.979198,6/26/2019,3:36:33 PM,,
WSG89_B1_P_3,394197.0174,7614806.582,717.93948,6/26/2019,3:37:25 PM,,
WSG89_B1_P_4,394194.026,7614802.75,718.141476,6/26/2019,3:37:40 PM,,
WSG89_B1_SH-CT_1,394176.7459,7614800.873,717.943125,6/26/2019,3:40:26 PM,,
WSG89_B1_SH-CT_2,394175.1594,7614798.772,717.933969,6/26/2019,3:41:14 PM,,
WSG89_B1_SH-CT_3,394171.2045,7614801.736,717.947413,6/26/2019,3:41:31 PM,,
WSG89_B1_SH-CT_4,394172.8098,7614803.805,717.946022,6/26/2019,3:41:44 PM,,
WSG89_B2_CT_1,395313.6786,7617217.041,714.252344,6/25/2019,12:08:52 PM,,
WSG89_B2_CT_2,395317.3049,7617207.603,714.465435,6/25/2019,12:09:48 PM,,
WSG89_B2_CT_3,395322.1243,7617209.502,714.438045,6/25/2019,12:08:56 PM,,
WSG89_B2_CT_4,395318.6067,7617218.653,714.320099,6/25/2019,12:07:27 PM,,
WSG89_B2_GH-CT_1,395298.8393,7617255.149,713.833256,6/25/2019,11:57:55 AM,,
WSG89_B2_GH-CT_2,395299.6782,7617252.827,713.882515,6/25/2019,11:58:19 AM,,
WSG89_B2_GH-CT_3,395304.358,7617254.428,713.805287,6/25/2019,11:58:50 AM,,
WSG89_B2_GH-CT_4,395303.4986,7617256.767,713.680047,6/25/2019,11:58:30 AM,,
WSG89_B2_GH-NP_1,395297.6618,7617258.183,713.808695,6/25/2019,11:56:06 AM,,
WSG89_B2_GH-NP_2,395296.7188,7617260.5,713.78645,6/25/2019,11:56:19 AM,,
WSG89_B2_GH-NP_3,395302.2525,7617259.946,713.627039,6/25/2019,11:56:40 AM,,
WSG89_B2_GH-NP_4,395301.313,7617262.292,713.420659,6/25/2019,11:57:56 AM,,
WSG89_B2_N_1,395307.9709,7617231.728,714.189894,6/25/2019,12:01:28 PM,,
WSG89_B2_N_2,395312.044,7617221.914,714.298373,6/25/2019,12:01:59 PM,,
WSG89_B2_N_3,395316.6884,7617223.299,714.301862,6/25/2019,12:02:07 PM,,
WSG89_B2_N_4,395312.8641,7617233.372,714.241918,6/25/2019,12:01:31 PM,,
WSG89_B2_NP_1,395302.1145,7617246.52,713.963264,6/25/2019,11:58:59 AM,,
WSG89_B2_NP_2,395305.7237,7617237.239,714.091939,6/25/2019,12:00:14 PM,,
WSG89_B2_NP_3,395310.6774,7617239.071,714.215233,6/25/2019,12:00:04 PM,,
WSG89_B2_NP_4,395307.0804,7617248.361,713.995311,6/25/2019,11:59:25 AM,,
WSG89_B2_P_1,395325.1434,7617186.815,714.856817,6/25/2019,12:13:45 PM,,
WSG89_B2_P_2,395328.8401,7617177.346,715.032119,6/25/2019,12:15:03 PM,,
WSG89_B2_P_3,395333.4974,7617179.243,715.045775,6/25/2019,12:15:06 PM,,
WSG89_B2_P_4,395329.861,7617188.692,714.887071,6/25/2019,12:13:38 PM,,
WSG89_B2_SH-CT_1,395323.5036,7617193.769,714.610922,6/25/2019,12:12:12 PM,,
WSG89_B2_SH-CT_2,395321.5645,7617198.373,714.577987,6/25/2019,12:12:54 PM,,
WSG89_B2_SH-CT_3,395325.8942,7617194.73,714.746823,6/25/2019,12:12:01 PM,,
WSG89_B2_SH-CT_4,395323.8963,7617199.234,714.543359,6/25/2019,12:12:23 PM,,
WSG89_B2_SH-CT_OUT_1,395319.5121,7617202.054,714.641729,6/25/2019,12:10:41 PM,,
WSG89_B2_SH-CT_OUT_2,395322.9098,7617192.586,714.730864,6/25/2019,12:11:31 PM,,
WSG89_B2_SH-CT_OUT_3,395327.5454,7617194.49,714.633122,6/25/2019,12:11:29 PM,,
WSG89_B2_SH-CT_OUT_4,395324.2121,7617203.598,714.545376,6/25/2019,12:10:37 PM,,
WSG89_B3_CT_1,395287.3963,7617247.26,713.636908,6/25/2019,11:53:56 AM,,
WSG89_B3_CT_2,395283.8208,7617256.395,713.627933,6/25/2019,11:56:10 AM,,
WSG89_B3_CT_3,395292.151,7617249.099,713.812383,6/25/2019,11:54:00 AM,,
WSG89_B3_CT_4,395288.7337,7617258.398,713.71704,6/25/2019,11:54:19 AM,,
WSG89_B3_EXTRA1_1,395310.6154,7617187.662,714.783596,6/25/2019,11:45:15 AM,,
WSG89_B3_EXTRA1_2,395307.0017,7617197.013,714.514848,6/25/2019,11:48:04 AM,,
WSG89_B3_EXTRA1_3,395315.5799,7617189.659,714.823479,6/25/2019,11:45:25 AM,,
WSG89_B3_EXTRA1_4,395311.878,7617198.988,714.561433,6/25/2019,11:46:41 AM,,
WSG89_B3_EXTRA2_1,395299.0692,7617217.461,714.325541,6/25/2019,11:50:56 AM,,
WSG89_B3_EXTRA2_2,395295.5064,7617226.649,714.165345,6/25/2019,11:51:26 AM,,
WSG89_B3_EXTRA2_3,395303.9677,7617219.419,714.466049,6/25/2019,11:50:08 AM,,
WSG89_B3_EXTRA2_4,395300.0601,7617228.54,714.209948,6/25/2019,11:50:27 AM,,
WSG89_B3_N_1,395293.0633,7617232.125,713.794847,6/25/2019,11:52:30 AM,,
WSG89_B3_N_2,395289.5108,7617241.547,713.73012,6/25/2019,11:53:01 AM,,
WSG89_B3_N_3,395297.5587,7617234.171,714.004137,6/25/2019,11:52:27 AM,,
WSG89_B3_N_4,395294.2617,7617243.39,713.900116,6/25/2019,11:52:47 AM,,
WSG89_B3_NP_1,395316.7297,7617172.551,714.964154,6/25/2019,11:40:32 AM,,
WSG89_B3_NP_2,395312.8539,7617181.959,714.745021,6/25/2019,11:42:40 AM,,
WSG89_B3_NP_3,395321.4479,7617174.475,714.837115,6/25/2019,11:38:03 AM,,
WSG89_B3_NP_4,395317.824,7617183.921,714.722345,6/25/2019,11:42:42 AM,,
WSG89_B3_P_1,395304.8491,7617202.592,714.492474,6/25/2019,11:49:05 AM,,
WSG89_B3_P_2,395301.2444,7617211.939,714.437472,6/25/2019,11:50:05 AM,,
WSG89_B3_P_3,395309.805,7617204.591,714.492067,6/25/2019,11:48:06 AM,,
WSG89_B3_P_4,395306.2181,7617213.865,714.448137,6/25/2019,11:49:02 AM,,
